user_id,movie_id,rating
799,499,4
211,596,3
741,288,4
857,898,5
774,234,2
738,202,4
59,15,5
846,33,5
495,173,5
489,948,2
500,768,2
618,151,3
692,249,3
293,693,4
472,358,5
807,501,3
13,371,3
814,674,3
666,200,5
99,116,2
450,3,4
295,735,5
843,217,4
95,51,4
577,399,4
721,173,5
840,496,5
666,284,3
796,313,4
303,479,5
747,596,5
751,432,4
405,1035,1
606,735,5
417,125,5
493,168,5
843,603,2
96,265,5
128,131,5
642,13,4
873,292,5
327,257,2
610,1,4
747,301,1
565,165,4
851,68,3
70,229,3
731,478,4
387,1110,2
712,378,4
792,1015,5
496,743,2
860,715,4
586,809,3
493,182,5
387,569,2
158,1047,4
576,125,4
378,173,5
843,655,3
468,1,5
268,79,3
786,588,5
508,318,4
782,1025,2
326,449,3
548,343,4
123,182,4
823,374,1
779,243,4
436,204,5
794,751,3
747,265,4
821,64,5
296,1,5
593,276,1
17,475,4
827,331,3
731,132,3
592,1184,5
661,300,3
393,181,4
496,288,2
851,111,3
862,193,4
782,1663,2
815,199,4
497,393,4
784,312,3
628,242,5
294,1014,2
787,347,4
817,281,4
117,11,5
843,208,3
833,151,4
342,654,4
537,970,3
383,180,5
592,469,4
843,288,4
593,157,3
864,693,4
207,11,3
662,285,5
176,919,2
840,169,5
378,317,5
506,430,4
723,1,3
753,199,5
307,505,3
655,860,3
708,237,5
168,1,5
59,466,4
659,4,3
305,863,4
389,477,4
806,923,3
840,628,4
828,923,3
291,631,5
469,65,4
234,647,3
145,55,3
731,480,4
641,305,5
561,952,3
530,100,4
716,492,3
535,215,4
126,353,5
694,519,4
168,763,2
609,259,1
727,178,4
684,435,3
608,1262,5
532,226,4
543,198,4
392,181,5
144,248,4
798,155,3
452,472,5
758,508,4
862,168,4
757,128,3
772,327,4
393,58,3
867,135,5
862,1011,5
537,26,3
716,610,4
826,184,3
741,215,4
791,269,4
753,194,4
804,925,4
677,748,4
795,265,3
850,8,5
629,331,3
486,264,3
653,510,2
533,824,1
118,172,5
16,100,5
749,465,4
637,922,1
710,720,3
698,465,3
748,699,3
91,205,5
864,227,4
548,346,4
262,65,4
616,346,3
43,122,2
545,204,4
450,717,4
796,807,2
677,245,5
291,158,2
776,135,4
852,151,4
299,1258,2
587,678,2
523,95,4
758,605,3
846,217,4
880,386,3
653,357,4
622,100,5
561,426,1
823,71,3
466,288,4
13,323,3
311,570,4
196,1022,4
325,530,4
569,300,3
796,315,5
417,162,3
851,680,3
878,283,3
130,188,4
757,326,3
650,661,3
625,286,4
740,300,4
49,209,5
92,50,5
7,9,5
851,363,4
665,685,2
796,218,3
653,386,1
569,284,4
561,484,4
254,441,3
421,879,4
828,347,1
353,301,3
515,289,1
709,550,3
815,250,1
290,692,5
684,365,4
251,7,3
707,488,4
608,126,1
195,748,2
528,541,3
833,50,2
577,143,3
130,1,5
194,211,4
184,56,3
854,32,4
730,815,3
178,222,4
385,512,5
629,328,3
840,191,4
714,405,5
622,866,2
113,257,5
606,537,2
435,476,3
790,1282,5
379,257,4
389,501,5
792,7,4
870,642,4
782,297,3
690,211,3
232,4,4
393,373,4
880,824,4
51,50,5
661,144,5
295,227,4
473,242,3
877,31,4
833,203,5
763,97,3
532,107,5
710,89,4
207,158,3
828,730,3
648,563,5
747,82,4
173,259,3
841,353,1
450,557,5
643,129,5
112,346,5
805,472,2
437,1206,4
13,382,1
378,566,3
711,58,4
795,1052,3
524,132,4
18,382,3
574,883,4
498,656,3
747,50,5
869,412,5
880,307,4
702,229,4
846,433,4
655,256,3
833,328,2
271,313,4
746,230,1
848,204,5
552,515,3
642,423,3
545,405,4
236,88,2
595,544,3
83,240,1
868,568,1
29,312,4
655,773,3
815,215,5
416,625,5
627,521,2
479,546,2
707,473,4
664,1101,3
670,659,5
807,358,3
527,511,5
648,379,1
807,630,4
478,327,3
17,243,1
851,742,5
642,949,1
848,318,5
537,52,3
871,346,3
878,582,4
804,584,4
360,479,4
792,282,3
623,211,3
840,66,3
210,1028,3
786,172,5
336,3,1
56,441,4
815,125,5
655,203,3
737,156,5
760,682,3
362,313,4
642,843,3
450,218,4
606,168,5
314,997,1
640,428,5
424,1084,5
846,1044,4
749,627,2
786,7,5
648,1228,3
532,1092,2
831,266,3
790,47,2
844,553,4
735,285,4
435,665,3
833,657,4
664,319,4
551,1011,5
829,13,4
595,293,4
389,847,4
839,321,1
301,481,4
870,566,2
257,921,5
312,612,5
481,173,4
813,342,1
394,22,5
682,1035,3
642,94,2
314,150,4
447,293,4
256,732,5
551,518,4
826,566,3
791,319,2
551,1059,3
727,483,4
450,223,3
577,54,4
292,117,4
643,276,5
399,501,2
334,1074,2
774,650,1
830,613,4
654,332,4
585,634,4
435,572,2
630,988,2
851,1132,3
481,479,4
823,273,3
862,974,2
846,231,2
265,50,2
823,732,5
489,890,5
686,467,5
291,977,2
653,94,2
841,286,5
880,299,4
821,126,5
622,206,1
481,207,3
535,83,4
804,1188,2
237,174,4
367,443,4
328,58,4
450,499,5
880,398,3
834,313,5
682,185,4
665,926,3
828,903,4
401,133,4
262,496,4
151,4,5
566,273,5
334,707,4
276,80,3
279,29,2
62,952,3
703,235,1
655,468,3
200,245,3
87,451,4
815,132,5
787,690,5
843,578,3
864,54,4
830,126,5
537,490,4
684,225,3
524,508,5
477,20,4
498,150,3
236,370,3
474,430,3
345,737,3
804,222,5
698,433,4
401,484,3
871,174,5
155,326,2
407,45,4
741,475,3
880,232,4
399,238,1
271,51,4
372,678,4
37,230,4
487,66,5
800,304,3
165,328,3
622,41,3
392,313,5
694,127,5
840,117,3
506,200,4
417,246,4
757,566,3
815,735,5
825,1117,3
782,1405,2
822,333,4
269,232,1
632,174,5
721,179,5
450,173,5
642,166,5
796,717,3
411,9,4
252,224,4
59,472,3
476,73,4
870,521,3
223,259,3
710,330,3
752,294,3
455,8,4
707,216,3
685,337,2
445,79,4
308,156,4
474,315,5
715,128,3
837,283,5
833,479,2
542,172,4
815,185,3
804,771,3
312,740,4
457,393,3
695,242,5
551,26,4
678,287,3
749,934,3
683,340,4
589,873,5
881,54,4
690,51,3
851,1314,1
851,238,5
782,990,3
181,331,1
448,319,5
344,132,4
655,212,3
62,271,1
486,262,1
689,763,4
305,197,2
707,950,2
588,68,5
387,7,5
738,209,4
715,685,3
635,323,3
200,1073,3
429,470,5
833,512,4
653,163,4
844,154,3
705,79,5
501,221,3
286,117,2
648,200,2
622,423,3
861,1227,4
601,56,3
417,420,4
832,25,2
409,428,4
706,288,3
747,951,2
363,143,2
537,1129,1
798,819,3
821,1084,5
447,55,4
638,82,2
846,610,4
738,418,3
488,1,3
713,898,3
212,863,2
59,655,5
63,79,3
498,486,2
643,65,4
697,979,5
721,330,3
184,473,4
638,174,5
495,4,3
747,1003,1
863,270,3
125,202,5
197,538,3
848,196,5
586,655,4
453,423,4
567,179,5
376,603,4
474,286,5
593,699,4
450,161,5
862,405,2
881,133,4
868,581,2
521,77,3
374,628,3
456,4,3
160,955,4
535,492,4
843,102,2
162,7,3
764,191,3
380,561,2
666,520,3
619,363,2
215,132,5
826,294,4
699,129,4
405,1073,1
854,117,3
833,715,2
200,79,5
450,1119,4
184,403,3
618,234,4
851,192,4
880,301,4
805,420,4
765,248,2
804,657,4
291,291,5
870,54,2
846,622,4
671,27,3
457,97,5
231,313,3
232,690,4
805,856,4
664,153,4
786,709,2
151,663,4
551,187,5
650,209,3
724,272,5
489,1265,2
244,153,4
545,968,5
691,524,5
495,380,3
567,198,5
92,156,4
881,423,4
487,1276,2
632,508,2
836,429,4
788,162,3
41,56,4
694,177,5
95,99,4
605,678,1
92,304,4
864,1531,3
798,810,3
852,546,4
749,431,5
865,7,5
151,56,4
119,125,5
781,223,4
655,1400,3
694,23,3
741,273,3
804,363,4
642,78,3
640,170,5
372,218,5
42,97,3
374,789,4
852,127,4
758,411,4
872,258,4
181,411,3
416,274,4
798,87,3
621,540,3
536,380,4
879,300,3
268,452,1
847,1050,3
711,451,5
658,730,3
514,202,4
268,188,4
501,1081,3
774,402,2
145,358,4
210,832,3
622,405,4
738,470,4
805,648,4
830,187,2
178,164,3
757,288,4
188,199,4
405,32,1
844,228,3
184,272,4
803,754,2
13,111,5
870,511,3
871,27,2
233,614,4
255,597,4
257,113,4
686,48,5
69,288,5
693,193,4
508,1067,4
719,318,5
617,447,4
655,591,3
782,323,3
532,931,3
189,418,3
524,1126,1
869,846,2
767,163,4
618,187,5
414,690,4
200,609,3
758,484,5
294,538,5
773,588,1
494,286,4
83,591,4
196,845,4
567,100,1
378,167,4
286,257,3
869,310,4
416,657,5
545,203,4
593,366,4
749,82,5
82,338,1
468,699,3
486,845,4
717,50,4
271,707,4
650,205,4
564,313,4
198,518,3
145,546,3
249,181,3
851,826,4
815,135,2
864,70,4
608,848,4
256,44,4
697,286,4
693,199,3
763,5,4
624,14,5
823,471,3
721,457,3
862,474,5
758,29,3
264,235,5
724,989,1
90,644,5
303,588,5
621,1,3
698,294,4
846,520,5
435,96,5
398,183,4
749,480,5
784,270,3
707,155,3
655,135,4
843,79,2
872,323,2
90,1203,5
360,1142,4
665,699,4
294,273,3
264,742,2
44,427,3
747,430,4
846,55,5
604,100,5
482,346,3
580,871,4
833,211,3
721,69,4
43,124,4
837,15,3
188,265,5
627,1135,3
537,273,3
94,372,4
659,49,3
497,451,2
11,718,5
880,791,2
591,923,4
550,924,4
279,1205,3
267,98,5
629,111,5
624,597,3
481,204,4
836,875,1
201,17,3
716,215,5
883,792,4
709,210,4
308,661,4
867,79,4
206,682,3
206,332,3
796,542,3
200,1217,4
773,509,4
343,208,4
862,187,4
280,750,5
483,121,2
566,228,2
619,323,3
519,680,5
299,72,3
60,134,4
747,558,4
474,651,5
855,198,4
198,405,2
766,378,4
843,219,2
814,590,2
49,1077,4
711,255,4
747,427,5
653,944,2
239,208,3
778,174,4
519,340,5
397,50,5
774,654,2
849,15,5
239,238,5
682,1011,4
90,198,5
795,181,4
703,845,4
653,291,4
239,1115,2
621,143,2
788,579,3
776,474,5
843,588,2
394,658,3
878,642,3
15,275,4
21,635,4
665,100,3
753,215,5
870,466,4
158,174,5
707,533,5
6,497,4
405,1305,1
13,751,5
774,1110,1
581,253,5
568,530,3
757,474,3
14,507,4
533,203,4
421,172,5
774,373,2
468,47,5
417,182,4
689,328,5
796,219,4
301,284,4
844,690,3
247,7,4
851,50,5
812,326,4
761,688,2
346,161,3
841,272,4
582,257,3
864,526,4
500,283,2
535,195,4
495,121,5
653,328,4
650,22,3
834,7,4
867,956,4
880,651,5
716,648,4
815,675,2
11,699,4
771,313,3
393,692,3
823,124,4
442,979,3
806,286,3
442,195,4
832,245,3
94,527,5
661,568,4
514,25,4
648,185,5
215,204,3
454,117,3
815,471,2
832,681,2
665,147,4
504,969,4
712,506,3
843,515,3
7,549,4
312,152,2
57,930,2
593,11,4
829,153,4
648,357,2
881,550,3
846,464,2
269,775,1
537,132,3
727,101,2
588,162,5
559,12,3
189,133,5
788,195,3
862,214,3
442,769,1
878,427,5
774,559,1
271,124,4
505,1039,4
684,117,4
697,121,4
684,82,5
665,183,4
201,358,1
582,300,3
537,896,3
711,168,4
880,820,3
1,123,4
799,258,5
655,724,3
881,671,3
452,195,4
314,412,3
430,300,3
854,216,3
674,151,2
707,869,1
522,492,4
696,307,5
164,407,2
669,879,2
629,651,5
295,50,5
880,295,5
665,294,2
655,268,3
749,385,3
543,521,4
872,815,4
875,334,4
556,178,5
193,79,4
693,651,3
846,1050,4
796,186,3
332,660,3
500,210,3
21,358,3
711,162,5
484,472,4
295,83,5
389,1007,4
883,7,5
660,144,3
455,44,3
574,213,4
830,403,4
184,216,4
45,926,3
291,172,5
768,354,3
554,237,3
620,147,3
334,521,4
10,192,4
870,171,4
796,433,2
186,330,4
880,769,3
671,201,3
432,109,2
585,83,3
574,316,4
524,273,3
805,661,4
393,1180,4
624,831,3
711,762,3
750,749,3
828,960,5
474,97,5
753,22,4
453,550,3
303,744,3
495,86,5
543,702,2
784,321,3
592,655,5
578,272,2
456,125,4
561,116,4
14,523,4
757,173,4
851,153,3
804,56,3
864,11,5
845,1592,3
883,144,4
741,393,2
880,833,4
392,463,3
846,524,3
774,176,4
677,268,5
294,301,4
378,606,5
854,237,3
790,774,4
128,319,5
854,15,3
607,211,5
739,327,5
526,276,4
463,1060,2
451,874,4
447,1315,4
727,434,5
660,640,1
363,933,2
593,591,4
592,149,4
810,294,5
553,367,4
13,239,4
804,62,4
92,993,4
828,313,3
782,533,2
416,148,5
299,207,3
751,708,4
42,559,2
655,729,2
682,467,3
727,27,4
680,273,3
450,229,4
863,882,4
186,689,4
833,550,2
584,161,4
868,1,4
666,106,2
880,80,2
738,650,3
877,237,4
883,68,4
59,480,5
22,732,4
678,147,4
201,895,3
548,257,5
769,748,2
588,181,5
451,307,4
835,673,4
484,28,5
682,72,3
807,252,4
821,100,2
514,384,3
58,111,4
339,503,4
327,718,4
245,258,4
105,269,4
577,82,4
666,269,5
764,1012,4
502,264,3
326,505,3
18,392,3
882,193,5
57,194,4
435,885,3
397,8,4
653,81,1
774,68,3
804,68,3
328,302,4
506,542,3
85,313,4
660,290,4
678,1,5
796,210,3
715,161,5
758,257,5
847,108,2
487,596,5
643,231,2
757,1273,2
533,318,5
757,450,2
463,283,5
730,742,3
716,64,5
405,731,3
752,258,3
835,162,5
126,266,5
881,663,5
457,62,3
782,296,3
880,204,5
622,1078,3
627,288,3
68,9,4
791,288,3
216,91,4
229,898,5
465,132,4
751,434,4
846,417,4
664,326,2
643,639,4
768,300,5
815,202,4
620,140,4
833,663,3
776,760,3
807,1615,4
873,258,3
861,714,4
119,121,4
215,272,3
347,204,4
655,233,3
804,196,4
664,162,4
392,323,3
840,506,5
877,270,4
164,825,4
201,157,4
81,456,1
446,268,2
94,1209,2
747,675,2
747,526,5
435,447,3
592,292,1
7,615,4
606,3,5
779,181,5
606,385,4
308,853,5
663,844,2
833,488,5
234,207,2
870,134,4
90,1202,5
416,240,1
206,1429,1
682,1231,2
823,237,4
102,841,2
733,296,2
457,194,5
524,449,3
82,100,5
779,15,4
174,709,4
830,205,5
782,680,1
676,345,2
127,258,5
615,638,5
643,28,4
884,116,4
798,493,3
491,286,4
479,294,3
601,1084,5
749,541,3
882,616,4
509,307,2
7,488,4
463,880,4
754,595,2
790,660,3
424,15,4
864,775,1
782,1007,3
164,678,4
861,949,4
782,1652,1
561,475,3
363,47,5
706,756,4
481,70,5
880,841,3
749,358,3
256,1033,4
629,504,4
60,517,4
775,345,5
81,475,5
206,242,3
606,179,5
537,48,4
807,751,3
393,731,3
26,841,2
176,268,5
479,1028,1
38,243,3
825,174,5
786,89,4
495,796,4
669,50,5
747,15,4
833,93,4
336,959,3
823,222,3
709,282,5
639,747,3
770,151,5
373,172,5
552,410,3
666,613,5
821,405,4
881,1118,3
85,697,3
145,925,4
774,712,1
731,204,4
149,272,3
810,333,5
817,129,4
805,197,5
497,189,4
95,420,4
666,111,3
642,1066,3
258,328,3
705,318,5
476,579,2
703,9,2
405,860,1
664,631,4
751,257,4
738,177,4
326,135,3
13,491,4
59,451,5
796,448,4
823,240,3
834,292,5
883,129,5
353,343,2
776,706,3
457,193,5
435,307,5
757,181,3
644,988,4
788,429,3
537,98,3
187,241,3
201,134,4
749,1274,2
752,301,4
745,124,5
222,246,4
405,543,1
555,25,4
707,719,3
707,58,3
815,89,4
442,228,5
642,1030,4
826,1091,3
551,1039,4
393,996,3
698,654,1
881,180,5
268,358,3
686,56,5
487,713,4
865,825,1
755,748,4
209,9,3
711,676,5
714,1016,5
655,270,4
883,727,3
846,8,4
727,729,2
838,24,4
417,211,4
748,69,4
833,159,2
447,233,4
705,228,3
330,225,4
654,249,5
883,83,3
835,458,4
596,276,3
567,136,5
537,387,4
457,288,4
537,566,2
859,249,5
748,692,3
652,288,2
828,246,2
721,303,3
660,366,1
667,272,5
763,510,4
639,702,2
878,692,4
843,474,3
472,416,3
774,230,2
343,408,5
861,289,5
805,537,5
312,606,5
770,678,2
711,240,1
811,690,5
778,197,4
643,204,3
204,880,2
863,1062,4
64,111,4
815,99,4
770,7,5
189,503,3
648,477,3
370,100,4
141,1023,4
815,94,3
833,98,3
399,66,3
92,38,3
654,336,3
334,196,4
830,790,1
537,15,3
628,326,5
650,157,3
500,94,2
620,706,3
838,276,4
851,304,3
847,658,3
650,54,2
848,419,5
883,749,3
861,52,5
332,117,4
184,487,4
510,245,3
865,929,2
450,704,3
721,471,5
848,185,3
456,127,5
642,832,3
620,145,5
770,331,3
474,66,4
798,231,2
738,926,3
805,88,2
70,473,3
244,114,4
350,480,5
583,530,4
830,99,3
405,33,1
406,528,4
207,64,5
833,111,2
826,55,5
753,211,4
707,1008,3
716,197,5
425,540,2
618,118,3
741,401,3
728,100,5
58,1070,4
877,949,3
846,516,4
825,595,3
457,204,5
757,31,4
792,471,4
848,423,4
357,932,4
492,56,5
360,521,5
811,258,5
790,849,4
264,447,5
886,4,3
562,127,5
743,289,3
715,546,4
828,302,4
608,865,4
708,1280,1
808,271,3
881,49,5
592,686,5
250,28,4
593,97,4
659,215,4
655,325,2
674,252,2
442,988,1
589,689,4
807,71,5
215,226,4
624,257,3
708,126,4
128,501,3
771,197,1
668,272,5
537,117,2
611,347,4
116,640,3
806,14,3
843,402,2
128,432,2
254,168,1
663,455,2
864,716,2
804,10,4
733,137,5
683,754,3
862,198,5
693,708,3
880,54,3
601,1063,3
560,122,3
747,97,5
776,848,2
64,625,3
537,694,4
617,615,3
104,286,1
837,289,5
453,476,3
881,53,2
487,591,2
804,932,3
877,271,4
790,282,4
693,127,4
727,1076,2
599,872,2
330,21,5
605,14,5
129,1176,4
788,58,4
868,91,3
846,53,3
144,9,5
881,204,4
256,591,5
862,526,4
470,258,4
796,564,1
846,216,4
791,300,5
541,526,4
805,952,5
756,566,4
717,826,2
663,1,4
429,1118,4
308,471,3
694,523,4
715,40,1
878,511,4
812,358,3
535,30,4
581,276,3
862,216,5
113,222,3
659,1203,4
474,939,4
711,281,3
881,559,2
83,751,3
770,358,3
236,199,4
458,28,3
846,86,5
168,473,2
805,382,4
290,825,3
181,303,1
833,640,3
610,582,4
178,31,4
642,422,3
627,47,2
560,278,1
851,1016,5
807,384,4
682,233,2
299,313,3
868,89,4
832,328,3
579,88,4
663,1086,3
222,470,3
757,229,3
828,10,3
735,475,4
562,132,4
354,19,5
531,300,4
425,912,2
810,313,5
149,258,3
274,318,5
666,505,4
299,244,2
28,229,2
454,610,3
863,352,1
405,854,1
695,991,5
662,1380,2
820,748,1
833,53,1
727,1229,2
606,508,4
884,70,4
472,24,5
145,821,3
880,50,5
806,186,4
520,690,5
525,472,2
878,659,4
457,248,4
807,1063,4
92,546,2
664,22,2
795,554,3
222,717,1
804,414,4
588,384,1
22,4,5
320,1047,4
363,1215,1
296,7,5
824,991,3
434,225,4
844,1474,4
6,474,5
617,179,4
712,102,4
753,322,3
137,289,3
268,218,2
389,82,4
798,1270,3
505,692,3
534,331,4
854,1077,3
864,134,5
749,88,4
535,708,5
354,209,3
802,687,3
862,181,5
543,1199,2
455,237,3
495,232,5
640,70,4
821,15,5
470,1134,4
293,152,4
883,311,4
682,96,4
593,200,5
843,193,3
711,1446,2
761,127,3
243,111,4
200,378,5
859,276,4
458,187,5
710,504,4
567,195,3
503,213,5
711,219,2
514,50,5
692,328,4
883,50,4
716,102,2
457,401,3
594,483,3
851,31,4
740,286,5
194,179,4
423,322,3
87,188,4
249,144,4
343,555,1
308,200,5
866,321,3
490,127,5
409,14,5
788,200,4
788,549,4
782,268,3
380,729,3
424,1,1
94,1045,4
87,801,3
316,192,1
299,435,3
851,772,3
213,55,5
747,481,5
697,876,3
587,880,3
749,110,2
537,713,3
742,13,4
864,219,4
778,161,3
637,275,3
450,416,5
664,276,5
292,115,4
747,923,5
747,428,3
343,510,5
146,327,3
846,659,5
586,566,3
805,550,3
640,354,4
847,225,1
840,705,4
796,233,4
774,77,1
405,1062,1
735,124,5
682,58,3
514,587,4
704,497,3
717,846,4
345,744,4
796,2,5
579,169,4
486,995,4
597,1,3
838,249,4
804,639,4
445,302,1
43,169,5
769,831,1
504,526,3
561,50,3
744,23,4
425,355,3
749,484,5
666,709,4
709,628,3
435,790,4
488,527,3
807,505,3
71,514,4
291,773,3
624,24,3
733,129,2
561,286,4
836,216,4
880,181,5
50,547,4
207,316,5
659,13,4
880,783,1
347,137,2
111,321,3
42,86,3
393,298,4
717,1137,5
216,747,4
793,815,3
850,173,5
713,362,1
886,175,4
880,508,4
385,47,4
424,882,3
880,721,1
482,288,3
634,127,5
804,1285,2
343,235,4
749,1051,3
655,1257,3
854,289,2
684,376,3
56,280,4
871,1197,3
758,1052,5
7,610,5
805,343,5
294,286,5
640,338,5
378,14,5
486,924,3
423,282,4
580,748,2
882,409,4
668,538,5
825,286,4
757,210,4
339,145,3
398,56,4
447,582,4
222,455,3
548,203,5
433,358,2
871,1119,3
758,183,5
883,135,4
630,252,2
280,619,4
838,1005,4
675,1007,4
632,168,4
736,1388,5
207,692,3
865,597,1
751,3,3
679,531,4
601,238,2
833,28,3
591,25,4
807,633,4
523,412,3
721,581,2
392,663,4
805,455,4
332,840,4
833,518,3
201,58,4
284,270,3
243,283,3
773,792,4
640,304,4
595,325,3
509,343,3
280,218,4
222,356,4
201,268,4
516,431,3
300,294,3
655,730,2
705,22,5
502,261,2
650,1035,2
618,609,4
540,220,3
230,162,4
486,1379,3
863,902,5
790,722,3
763,961,5
505,1409,3
779,300,3
525,257,4
303,1407,1
611,752,5
26,475,3
592,1048,3
268,718,4
758,122,4
749,257,3
303,73,3
537,1084,3
880,755,3
529,749,4
189,742,3
837,237,3
297,28,4
758,489,5
495,120,5
864,892,3
747,71,5
880,1016,4
167,493,4
727,431,4
338,498,4
279,1072,4
860,303,3
790,111,3
766,208,5
749,523,4
538,4,3
846,132,5
328,689,5
207,871,5
551,468,5
514,648,3
877,515,5
866,306,4
666,137,4
670,949,2
790,358,2
325,1018,3
796,873,3
77,173,5
512,258,3
883,407,3
291,774,3
145,155,2
44,109,3
690,684,4
716,965,2
846,186,5
851,109,4
823,196,5
414,748,3
373,645,5
711,1115,4
868,448,2
846,83,4
429,214,3
447,866,2
18,143,4
795,173,4
884,275,4
537,924,3
846,92,4
495,94,3
877,274,4
782,948,2
823,140,3
843,121,3
642,202,3
854,405,4
883,867,5
846,1168,4
745,507,1
796,810,3
332,431,5
405,47,5
813,259,2
764,14,4
758,420,3
738,229,3
270,86,4
648,423,4
198,447,4
450,417,4
514,49,2
666,222,3
532,186,4
870,48,4
568,224,4
621,80,4
650,402,3
620,623,4
301,429,4
380,228,3
417,723,5
716,946,2
885,1311,2
378,1438,3
864,22,5
743,338,1
92,408,4
398,692,4
468,216,5
828,61,5
843,97,3
286,821,4
354,305,4
624,15,4
151,125,4
708,596,4
643,566,3
840,462,3
499,486,3
587,243,3
70,820,1
741,290,3
543,22,3
655,789,3
742,15,4
748,517,3
883,72,4
665,432,4
445,979,2
557,268,5
541,542,1
645,268,4
643,356,4
648,831,1
291,1248,4
617,670,1
854,1197,3
653,258,3
871,177,5
82,87,3
793,1187,2
56,410,4
59,151,5
864,722,2
833,675,4
437,79,4
472,161,5
738,89,5
747,736,5
840,497,4
699,880,3
100,895,2
130,196,5
804,702,2
849,288,5
648,484,5
637,866,3
534,475,4
860,211,3
884,9,5
75,460,5
868,160,4
435,230,3
487,48,2
704,347,4
716,81,4
665,423,4
711,845,4
870,663,3
746,144,5
383,479,4
554,31,4
655,1265,3
778,234,3
583,513,5
848,209,5
676,22,5
854,268,3
622,204,3
655,55,2
826,820,3
428,886,4
774,758,1
879,237,4
660,239,2
618,582,4
398,196,4
796,197,3
436,1028,4
303,564,1
643,505,4
275,164,4
840,945,3
422,867,3
200,951,5
297,498,3
666,133,3
885,210,5
699,978,4
821,132,5
846,708,3
727,636,3
535,496,5
883,516,4
682,67,4
672,269,3
884,269,5
727,1042,2
505,568,4
673,315,5
882,515,5
788,271,3
92,452,2
399,9,3
656,270,3
429,411,3
250,234,3
881,601,5
655,786,2
727,928,3
707,135,2
872,106,3
682,217,4
327,184,3
827,272,4
95,1116,4
450,483,3
692,294,3
690,496,4
824,321,2
788,56,3
805,142,4
84,477,4
593,255,5
764,696,3
566,170,5
885,405,4
731,320,1
798,62,4
871,895,3
130,95,5
682,1084,2
889,72,3
566,419,2
751,785,4
721,111,4
564,1034,3
102,751,3
830,50,5
201,211,3
852,597,3
25,173,4
243,285,5
870,42,2
138,209,4
642,942,4
788,432,1
519,328,2
747,216,2
851,10,3
592,885,2
615,678,1
465,100,3
286,1101,5
717,597,4
889,659,4
409,485,2
862,230,3
222,575,3
298,210,5
303,595,2
399,241,4
755,327,2
591,196,4
786,418,4
488,182,3
617,170,1
843,1411,3
397,318,4
624,473,3
710,268,4
664,191,3
782,258,4
648,112,2
577,173,5
339,167,4
672,275,5
645,664,4
838,385,4
749,571,3
1,191,5
813,877,1
279,364,4
504,240,1
669,1,5
647,231,4
833,444,3
181,122,2
126,678,3
515,905,2
676,1483,4
600,385,3
847,473,2
391,76,3
851,290,4
698,511,2
804,528,4
536,141,4
804,1074,1
464,1025,2
497,472,3
385,1014,2
230,22,5
792,100,4
774,2,1
8,11,3
590,237,3
537,96,3
102,294,2
863,333,5
48,215,4
889,134,4
647,88,4
184,640,4
886,819,4
860,514,5
109,282,3
535,499,4
601,508,4
798,444,2
622,674,2
761,291,3
838,179,5
601,591,3
865,245,3
772,288,2
386,127,5
552,1047,3
642,1047,3
423,678,3
889,160,4
852,289,2
307,64,4
878,949,3
334,73,3
833,919,2
378,707,3
288,269,5
592,48,5
382,482,5
201,1267,3
59,89,5
330,963,5
766,212,5
203,890,2
771,709,5
768,628,3
845,313,4
676,168,5
863,315,5
15,125,5
699,1013,3
854,382,4
545,194,3
881,790,3
787,880,3
435,928,3
862,147,5
561,428,4
622,70,3
774,515,2
416,1189,5
836,496,4
698,625,3
488,526,4
125,153,2
787,342,2
659,69,3
474,607,4
889,654,3
532,431,5
747,347,5
552,294,4
505,190,4
786,69,4
459,676,3
313,238,4
604,443,3
868,1035,1
774,577,2
409,879,1
347,177,5
747,409,1
621,686,5
409,714,3
699,1011,4
537,230,2
749,133,4
704,632,3
425,879,2
436,506,5
59,69,5
788,823,3
244,214,5
592,93,4
551,71,4
233,89,3
566,191,4
387,475,3
782,1226,2
452,530,3
712,433,3
581,515,4
694,521,3
22,127,5
385,1495,3
807,380,4
363,65,4
823,87,5
609,877,5
831,100,4
782,1105,3
610,283,3
874,306,4
886,781,4
621,183,4
532,520,5
782,286,2
749,496,5
545,890,2
782,989,3
833,1016,1
659,134,4
474,657,5
270,268,5
889,65,4
870,568,4
879,282,4
762,875,5
450,505,5
707,536,3
862,1093,5
638,685,4
848,151,4
429,88,3
740,294,4
868,265,3
806,485,5
731,588,3
399,1396,4
828,1153,3
764,173,3
666,319,4
290,135,4
214,960,2
334,258,4
577,64,5
177,324,4
402,9,4
413,147,2
684,274,2
846,702,4
679,143,2
615,216,4
632,50,5
542,871,2
694,1221,3
751,95,5
663,872,3
561,474,5
361,176,4
720,1176,5
489,750,5
837,13,4
257,61,5
823,433,4
296,181,5
829,237,3
592,178,5
848,234,4
862,491,3
405,446,1
885,428,4
877,286,2
486,1598,5
867,318,5
773,217,3
436,1053,4
889,58,3
716,473,4
477,294,4
847,926,1
774,56,2
23,522,4
345,118,3
735,106,3
884,322,3
582,1033,2
675,891,2
435,22,4
766,1126,4
846,398,1
215,552,3
244,1467,5
739,1431,5
886,68,3
378,381,4
459,651,3
748,222,4
457,183,5
802,672,3
805,167,3
650,420,3
881,222,5
179,1234,1
883,239,3
654,239,4
878,172,4
892,134,5
44,133,4
711,170,5
848,1118,5
328,720,3
580,15,3
234,238,3
867,96,5
298,333,5
497,12,4
119,82,2
789,293,4
709,405,3
151,44,4
380,515,4
527,603,4
758,546,3
805,174,3
789,9,5
768,591,4
857,300,3
643,98,3
694,492,4
483,257,2
712,1053,4
606,969,5
828,286,4
872,597,4
263,520,3
577,7,2
650,316,3
843,23,2
458,736,4
271,48,4
850,300,5
758,547,5
383,478,5
397,109,4
567,246,4
763,209,4
518,106,5
661,433,5
796,487,5
393,463,4
532,82,5
313,514,4
256,595,4
653,425,2
862,64,5
630,310,3
850,210,5
804,679,4
710,496,4
413,286,5
339,170,5
450,528,5
881,1124,4
833,696,3
566,122,2
292,486,4
880,228,3
326,53,1
119,288,4
557,337,5
663,1009,3
489,339,3
267,715,4
743,303,5
868,73,1
886,147,5
436,72,5
524,216,5
154,222,2
251,535,3
890,118,2
787,245,3
334,244,3
600,679,2
561,1018,3
851,588,4
892,273,4
798,953,2
833,628,4
886,235,3
491,237,3
457,51,5
178,246,4
592,1143,5
401,371,3
676,9,2
128,381,3
699,1028,2
870,255,2
618,735,3
234,663,4
327,684,4
889,168,4
354,735,3
534,243,3
643,114,4
80,483,5
268,286,5
435,1291,1
224,980,1
522,11,4
889,762,3
823,53,5
739,661,2
889,246,4
669,194,3
792,1197,4
881,441,2
773,531,5
893,56,5
843,625,2
825,275,3
692,763,3
757,232,3
825,122,1
798,66,3
452,237,2
747,73,4
703,628,4
440,340,2
290,405,2
625,254,3
885,1,5
650,137,3
838,96,4
841,754,4
783,264,4
887,931,3
592,544,4
613,632,3
886,233,3
826,288,3
863,1024,3
653,366,2
615,509,4
727,174,4
843,674,2
489,324,3
781,205,5
756,1,4
655,653,3
854,505,4
848,755,5
314,132,4
859,421,5
882,204,5
650,380,2
526,277,2
269,135,4
881,13,4
848,172,5
537,76,3
851,307,4
664,528,5
130,453,3
663,123,3
542,235,3
648,619,3
854,223,4
798,163,3
883,224,4
891,546,3
894,15,3
303,554,2
758,294,5
321,197,5
868,358,2
347,174,4
113,127,4
867,174,5
798,173,5
886,160,1
392,300,2
399,99,3
192,100,5
634,331,4
773,403,2
771,1129,5
821,213,5
450,570,4
87,94,4
90,1045,2
751,193,5
174,1311,3
741,673,4
655,49,1
593,471,3
805,86,4
758,123,1
854,86,3
747,1456,3
608,269,3
472,796,4
437,170,5
524,815,3
314,722,1
630,240,3
868,109,3
660,491,4
783,269,4
145,636,4
748,237,4
805,101,2
412,24,3
463,887,5
617,646,4
724,682,1
653,70,2
453,204,4
555,340,4
454,193,2
893,147,3
500,77,3
805,212,3
642,1146,1
792,831,2
810,331,4
630,735,2
749,87,4
892,781,4
889,819,2
829,213,4
766,639,3
804,1028,3
868,183,5
286,931,4
846,180,5
846,317,3
880,1291,3
664,50,5
666,286,5
575,96,5
7,573,5
492,221,3
22,926,1
894,888,4
354,83,4
883,665,4
880,396,2
798,795,3
435,571,2
894,405,3
860,294,2
551,7,5
805,771,5
638,195,4
578,222,4
661,71,4
215,87,5
796,198,4
754,359,3
870,603,5
69,172,5
65,64,5
405,198,2
383,58,4
716,265,5
566,110,1
854,1086,3
881,89,4
847,372,5
752,306,5
95,381,4
561,209,4
749,742,4
601,405,1
761,235,3
625,238,4
243,157,5
224,553,4
882,173,5
716,632,4
737,96,2
881,1046,3
840,48,3
375,773,3
425,522,3
417,252,3
854,603,4
468,12,4
880,72,3
854,928,3
648,227,3
27,288,3
778,98,4
458,632,4
174,724,5
731,69,5
579,732,4
882,140,3
11,372,4
541,627,4
846,755,3
439,276,5
854,22,2
891,117,3
790,98,5
312,14,5
788,693,2
447,410,2
802,443,4
186,159,5
200,449,5
445,1143,4
561,200,4
781,204,4
412,684,4
864,966,4
796,271,5
877,60,5
7,379,4
102,55,3
394,158,3
645,513,5
846,770,5
847,1160,4
686,451,4
848,899,3
881,294,3
530,333,3
815,596,5
846,228,5
867,258,3
890,98,4
780,526,5
177,181,4
543,233,4
455,123,3
627,713,2
806,1071,4
1,4,3
405,526,1
865,169,5
715,376,2
854,250,4
313,82,3
255,324,5
692,168,2
882,71,5
629,655,5
883,561,3
561,539,1
753,134,4
60,501,3
468,118,3
537,646,2
506,1407,2
537,382,3
1,263,1
214,98,4
671,257,5
857,14,4
892,151,4
312,507,5
796,9,3
871,1385,3
868,173,4
804,188,4
784,754,3
90,270,4
566,155,2
42,71,4
389,211,4
393,1044,4
456,403,2
878,655,3
145,227,4
821,357,5
741,496,5
887,1012,1
524,823,4
863,303,1
406,507,4
551,461,3
588,63,5
870,386,4
796,1101,5
660,405,2
840,529,4
577,79,4
655,209,3
705,849,3
484,449,4
749,808,3
474,490,5
387,289,1
559,515,4
605,69,5
559,144,5
788,1,3
468,471,3
804,719,3
402,117,3
767,222,5
751,849,2
296,483,5
545,426,3
867,252,2
696,1062,4
666,544,4
222,1220,4
756,731,3
481,322,4
847,118,3
506,873,4
844,50,5
814,448,3
551,470,5
411,449,3
288,214,2
455,1086,3
687,988,3
894,333,4
679,268,4
887,839,4
894,246,4
805,151,5
871,747,3
894,297,4
622,209,5
653,658,2
543,391,3
718,815,4
435,1016,4
334,950,3
871,1345,3
194,78,1
648,13,3
492,45,3
852,820,4
712,768,5
586,85,3
49,1017,3
870,216,4
327,1218,4
642,1000,3
727,1139,3
637,24,2
664,194,4
655,269,3
524,693,5
825,120,3
892,849,2
758,213,5
655,1623,4
564,1016,2
790,826,1
785,12,4
851,273,5
763,157,4
863,326,5
846,239,4
77,28,5
763,70,5
676,328,5
536,1063,5
859,1014,4
727,820,2
846,1018,4
276,260,3
536,179,2
646,893,3
655,46,4
647,831,3
268,25,3
361,70,4
756,435,3
708,25,3
886,1303,1
466,1607,5
642,1136,4
655,1278,2
483,743,1
606,405,4
145,901,1
881,183,4
592,547,4
411,276,3
655,520,3
795,97,2
835,526,3
751,1078,3
881,161,3
79,1,4
768,151,2
450,1115,4
45,111,4
634,1047,3
26,369,2
181,1163,2
405,417,2
870,770,4
881,514,4
728,546,2
353,260,1
876,48,5
417,17,4
857,325,1
698,258,3
261,326,4
524,499,4
761,295,4
696,245,4
681,690,4
293,455,2
880,348,4
663,322,4
886,232,3
453,515,4
632,591,4
290,809,4
889,488,2
820,315,3
339,515,5
768,121,4
113,325,4
176,876,3
786,99,4
301,294,4
1,203,4
450,196,5
63,1138,2
487,289,2
862,478,4
600,570,4
896,1101,2
177,96,3
843,542,2
896,403,1
378,40,3
313,172,4
864,13,4
682,946,4
598,691,2
699,831,2
660,385,3
385,419,2
561,1131,4
690,8,4
389,509,4
864,386,3
721,216,5
873,300,4
363,315,3
457,196,5
642,67,4
393,344,3
68,713,2
5,406,1
451,327,4
488,173,4
293,956,3
460,313,4
457,151,5
253,655,4
486,1322,3
880,566,3
13,531,3
864,163,4
693,1135,3
506,399,5
824,294,3
210,654,5
880,931,3
312,660,4
401,604,4
487,150,5
788,645,3
881,135,4
796,196,5
374,1048,3
636,100,5
858,292,3
554,22,4
63,748,4
738,214,4
601,99,3
52,1085,4
864,222,4
655,655,3
838,143,5
848,162,2
878,794,4
33,329,4
692,25,4
812,294,5
757,156,3
361,216,5
554,230,5
422,670,2
637,121,4
867,524,5
864,173,5
455,455,3
109,209,1
713,345,3
758,474,5
870,549,2
618,443,4
782,266,1
747,480,5
807,485,5
187,83,5
753,195,1
298,526,5
336,367,3
852,930,3
290,235,3
761,326,1
711,82,3
825,870,3
465,428,3
43,70,4
887,1015,5
590,116,5
844,318,4
328,939,4
407,675,3
877,59,5
630,756,4
329,302,5
661,972,3
447,227,2
293,218,2
248,172,4
10,654,5
639,1465,2
883,69,2
881,179,5
731,648,4
889,1589,5
642,944,5
833,427,3
686,97,2
846,46,4
313,58,3
655,287,3
592,1010,5
773,2,3
838,302,4
640,496,4
356,312,3
846,1133,2
727,1,3
639,116,3
788,228,3
854,487,4
727,206,3
893,426,4
402,483,5
286,116,5
691,631,4
311,210,5
896,108,3
601,259,1
858,181,2
702,687,1
640,47,4
279,862,5
424,100,5
661,230,4
605,117,2
845,272,3
592,890,1
852,678,3
682,1188,3
846,1101,3
804,972,3
365,309,1
606,1055,4
790,173,3
882,186,5
870,1006,2
653,657,4
882,215,5
410,354,3
591,79,4
193,121,3
57,117,4
634,222,3
308,73,3
552,284,3
844,69,5
790,42,5
878,286,4
510,322,3
595,948,3
660,1110,2
764,28,4
755,311,4
248,98,5
799,654,5
631,334,2
846,504,5
560,268,4
782,1283,2
650,568,3
868,452,2
382,334,5
883,53,5
449,60,5
712,755,4
842,268,5
835,215,4
862,22,5
766,496,5
592,89,4
606,55,4
437,415,4
386,597,3
805,7,5
796,173,5
764,866,4
655,1634,2
555,129,4
543,367,4
848,125,5
463,475,3
303,128,4
466,184,4
450,133,5
889,196,5
666,866,2
894,134,4
861,86,5
91,511,5
90,212,4
892,87,5
541,511,4
159,1221,5
879,1,4
505,102,1
666,89,4
828,83,3
703,596,3
479,526,4
454,1126,2
645,239,3
663,682,3
734,423,4
728,147,4
95,195,5
234,832,2
698,482,2
606,963,5
768,966,4
662,985,4
682,249,3
582,1014,4
889,886,3
618,127,5
537,448,3
479,95,4
846,400,1
450,620,4
504,440,3
710,334,2
806,162,3
802,484,3
886,108,5
889,73,3
194,387,2
882,105,3
385,98,4
450,310,4
804,63,4
297,210,4
896,281,2
660,230,3
846,1182,2
846,837,5
429,28,3
666,144,3
372,674,5
249,407,3
758,231,3
9,201,5
804,826,3
653,294,2
682,274,4
896,67,2
727,29,3
630,687,3
717,975,2
796,232,3
886,273,2
493,173,4
603,216,4
883,882,4
886,419,3
853,873,3
18,22,5
365,591,4
698,199,2
181,884,1
244,249,4
666,1021,5
869,312,2
533,120,1
678,1115,3
896,310,4
51,181,5
846,739,4
506,323,3
740,269,4
665,12,4
551,796,4
481,484,4
749,197,4
878,126,3
745,258,5
727,435,3
870,487,4
500,821,2
753,504,3
388,680,5
871,259,3
798,283,5
892,441,3
450,618,4
536,423,4
332,307,5
764,15,4
814,443,3
897,1,5
642,1209,3
554,756,3
328,915,3
594,357,4
878,22,2
279,373,4
706,294,4
682,948,2
751,485,4
399,181,3
405,1311,1
657,118,1
777,521,5
796,928,2
779,71,4
75,1152,1
214,357,5
848,195,3
763,505,4
848,99,3
724,678,2
642,122,2
682,25,4
405,161,1
847,180,2
847,183,4
370,222,3
851,313,4
853,879,4
419,275,5
843,511,3
606,173,5
734,165,3
458,603,4
659,98,4
825,1016,3
663,1051,3
711,241,4
894,269,3
560,476,2
655,1296,3
844,109,2
314,508,3
831,250,5
293,420,4
518,288,3
363,429,5
820,264,3
399,378,3
561,675,3
383,205,4
815,404,4
504,939,4
537,486,3
862,433,4
658,7,4
271,690,4
513,252,5
839,220,3
705,720,5
469,199,4
727,239,4
393,597,3
890,237,3
293,571,2
679,223,5
450,300,4
622,482,3
788,492,3
642,356,4
758,273,4
664,302,4
347,200,4
833,597,1
826,627,4
864,603,4
131,744,4
653,53,2
829,640,3
828,213,2
717,678,3
345,87,5
7,546,4
690,554,3
291,1090,2
423,307,3
787,324,2
328,657,4
830,97,4
540,628,3
75,1048,4
13,202,5
807,678,3
707,212,4
862,429,5
507,250,5
890,181,4
823,160,4
620,123,3
158,217,5
693,378,2
421,709,4
694,511,5
271,480,4
890,89,4
632,385,4
547,289,3
684,168,4
618,109,2
14,473,5
398,72,3
705,623,5
823,164,3
864,123,4
588,82,5
696,906,3
222,537,4
796,1,2
846,172,4
880,597,3
727,926,3
577,161,5
698,588,4
541,404,4
853,292,4
746,449,1
705,89,2
890,340,4
750,683,1
788,474,3
790,288,4
867,1608,2
897,597,5
451,330,3
707,606,4
887,993,5
374,572,2
839,129,4
833,434,3
881,141,3
463,819,1
818,322,2
704,175,3
626,258,4
840,97,3
796,183,5
524,241,5
18,210,5
141,409,5
621,676,3
354,602,3
535,699,4
710,874,3
379,193,4
741,423,3
758,33,4
727,246,4
790,231,4
764,432,5
565,381,2
698,648,4
249,179,5
868,232,1
56,50,5
881,281,3
675,318,5
537,272,4
889,655,4
890,163,3
683,22,4
586,451,4
892,226,3
807,73,3
606,260,3
747,268,5
846,238,5
398,202,3
795,386,3
233,127,5
641,50,3
393,687,3
814,675,3
655,1214,2
793,288,4
825,258,4
826,232,3
535,425,5
880,1284,4
149,245,3
658,86,4
887,369,5
770,93,5
505,471,4
831,150,3
852,841,4
880,879,3
749,232,4
322,346,3
728,285,4
554,1012,3
684,49,4
863,242,4
496,150,2
862,121,5
864,215,4
508,208,5
747,508,5
234,557,1
639,582,3
617,1021,4
758,780,5
450,114,5
47,301,4
880,451,2
677,678,4
883,709,5
442,68,3
889,1103,2
845,1434,4
334,225,3
749,96,5
731,196,5
846,606,4
387,430,3
7,443,5
766,175,3
830,523,4
701,311,5
430,528,4
299,93,2
70,684,3
456,1017,4
271,792,4
194,657,4
537,1005,3
805,541,3
271,763,3
897,472,5
374,527,4
789,50,5
653,179,4
731,427,5
773,176,4
561,70,4
561,86,4
863,361,5
685,299,2
887,1,5
13,750,5
379,644,5
85,1070,4
399,144,3
697,288,2
881,112,2
632,82,4
889,728,3
554,204,5
373,80,3
198,462,3
727,167,2
676,471,3
387,248,4
833,1231,4
878,212,3
623,210,5
781,174,5
13,817,1
171,288,2
758,657,5
458,129,4
374,756,3
165,174,4
313,654,5
648,275,5
901,275,3
780,187,5
727,369,2
655,375,2
545,98,5
823,642,4
489,902,4
181,847,1
894,302,4
379,96,5
825,515,4
846,673,4
545,423,4
495,665,1
43,542,3
572,319,4
760,1037,5
880,1001,2
627,100,5
751,226,3
417,172,3
505,127,1
780,511,5
271,2,1
293,175,2
629,475,4
543,792,4
494,121,4
13,506,5
488,289,1
843,672,3
886,118,1
757,432,3
209,1086,4
586,83,2
509,268,2
815,1078,2
803,688,1
774,774,1
369,179,4
655,1256,3
889,381,4
308,185,4
212,87,5
634,544,3
788,809,3
545,78,2
553,559,3
577,1517,3
168,458,1
896,525,5
7,651,5
829,855,4
23,367,4
889,1267,3
648,183,5
840,495,3
399,388,2
493,369,2
871,241,3
682,881,3
388,302,5
379,331,4
660,254,1
417,596,3
840,285,4
896,212,2
305,729,3
765,522,5
746,1,4
592,358,1
314,283,4
65,25,4
682,98,4
503,277,4
892,1219,2
716,601,4
707,311,4
484,274,4
385,855,5
774,692,1
272,234,4
585,165,4
666,163,3
487,222,4
892,661,5
867,498,4
617,859,3
723,169,4
750,288,4
827,690,3
429,433,3
599,288,4
573,180,4
665,257,3
598,347,3
676,890,1
416,38,3
574,340,1
749,746,5
716,393,3
561,87,3
749,322,4
405,229,1
647,121,4
654,215,4
410,323,3
805,5,4
491,284,3
371,449,3
779,21,5
627,471,3
283,91,5
343,410,3
201,468,4
773,1240,3
713,342,3
236,179,1
749,237,3
545,117,4
21,769,1
42,941,4
13,69,4
848,95,5
718,1047,3
892,432,4
870,704,3
629,193,5
116,603,3
746,222,3
864,245,4
896,136,5
875,923,5
709,508,4
698,172,5
813,988,3
878,402,4
721,77,5
493,151,3
853,301,1
899,208,3
901,509,4
741,478,5
727,79,4
782,681,3
826,11,4
142,147,1
221,1098,4
833,385,3
896,752,1
311,1297,4
505,742,4
291,173,5
450,511,5
592,333,5
316,174,1
548,79,5
385,59,2
666,607,4
747,1159,2
779,195,5
840,79,4
622,1408,1
715,1215,1
365,316,4
798,805,4
749,510,4
657,282,3
825,281,3
398,178,5
503,1475,5
764,743,1
648,431,5
878,71,4
705,826,4
457,226,3
141,407,2
846,1239,2
774,528,4
702,227,4
671,226,3
380,215,3
642,141,4
602,1,4
798,280,2
690,581,2
409,435,3
766,568,2
833,558,4
763,144,3
286,988,3
551,597,4
677,14,1
875,514,5
125,709,3
640,346,4
13,902,3
495,1245,5
661,8,5
457,378,4
848,165,5
627,230,4
824,292,3
833,185,5
655,238,3
727,127,4
428,294,4
561,511,4
882,559,3
719,293,3
339,655,4
368,127,4
579,1110,1
288,197,5
881,630,4
584,431,3
777,1079,2
886,173,5
831,174,5
634,288,3
844,216,5
682,151,5
840,531,5
18,72,3
748,153,4
771,1,5
782,1251,3
22,62,4
363,735,3
650,214,3
90,1136,3
889,402,3
699,340,4
731,705,5
506,855,4
840,507,4
880,802,3
533,934,3
519,350,5
276,501,4
699,191,3
705,99,3
648,1028,2
717,280,4
711,496,5
429,473,3
504,517,4
618,962,1
655,899,2
867,295,4
753,180,2
64,132,4
804,511,4
715,697,2
882,15,5
629,132,5
727,5,3
263,260,2
894,845,3
823,692,4
831,258,2
846,578,3
287,235,4
826,802,4
897,214,5
493,24,4
730,410,1
787,750,5
44,194,5
805,725,3
712,729,5
405,168,1
385,427,4
406,672,2
506,518,4
279,100,4
852,515,5
577,627,5
664,56,4
453,4,4
843,450,2
75,508,4
188,194,3
429,72,2
248,121,2
830,313,5
62,704,2
592,346,4
821,106,2
891,50,4
619,566,4
298,199,4
788,1277,3
391,215,4
878,530,5
416,614,5
664,702,4
881,151,2
595,222,3
881,118,4
764,13,2
625,1020,3
896,686,3
145,106,4
623,216,4
568,479,5
899,694,5
262,650,4
189,433,5
738,161,4
746,202,5
470,1084,3
717,307,5
903,1132,3
533,182,3
604,218,3
637,1244,1
13,690,3
848,640,1
721,181,5
580,348,3
670,611,5
782,298,4
826,228,3
758,20,4
595,864,4
586,54,3
493,154,4
655,251,3
880,1267,4
145,222,5
846,232,3
835,197,5
899,209,5
804,24,5
822,926,2
886,208,3
212,317,5
894,752,3
394,771,4
277,221,4
784,898,4
543,423,3
621,367,3
854,147,3
889,81,4
808,245,4
699,127,3
174,1091,3
552,280,3
565,515,5
868,101,4
693,79,4
806,133,5
880,118,3
597,118,3
606,678,3
606,206,4
774,826,2
230,161,5
588,117,4
697,833,3
776,635,4
389,77,2
851,132,4
896,849,2
894,255,3
539,275,4
805,99,2
13,558,1
896,744,3
110,54,4
498,10,5
880,1518,2
648,1029,2
177,1110,3
796,222,5
804,181,5
761,471,3
442,410,4
805,259,1
561,238,4
472,1014,4
880,4,4
886,357,4
492,527,5
452,815,2
882,1015,3
402,510,5
507,50,5
821,763,3
379,381,5
904,9,4
886,3,3
303,1182,2
397,268,4
533,143,4
18,59,4
833,665,3
264,675,4
819,303,4
795,217,1
889,1074,3
545,566,4
235,82,2
456,1198,4
378,239,3
887,111,5
889,576,3
520,310,4
537,539,1
758,109,3
587,877,2
786,732,4
291,249,4
546,313,2
617,345,1
619,808,3
401,471,4
533,126,4
357,456,3
815,501,3
587,330,3
760,172,3
823,1135,3
883,30,4
334,753,4
886,7,5
514,216,5
177,678,3
707,194,4
774,926,1
454,317,4
732,305,2
837,20,4
43,546,4
706,471,4
758,186,5
390,258,5
883,194,3
112,310,4
659,792,4
667,216,4
500,407,3
622,111,4
868,403,2
907,1057,3
846,229,3
766,729,3
463,1606,2
864,124,5
487,546,3
655,1268,3
796,403,4
303,866,2
731,1503,5
577,735,5
543,13,3
711,829,2
568,641,5
704,603,5
839,950,4
840,638,3
871,337,3
880,578,3
870,238,4
666,26,3
682,393,4
653,638,1
791,322,4
905,333,3
774,200,2
868,1028,3
780,496,4
553,611,5
764,289,5
456,461,4
588,1240,5
433,276,5
697,50,5
380,238,3
339,222,4
487,259,2
846,1540,3
795,3,2
6,170,4
6,223,4
874,321,3
63,259,3
907,763,5
757,155,2
757,101,4
833,1071,3
904,289,5
524,1041,2
499,663,5
826,101,5
454,66,4
711,52,5
812,748,5
406,132,5
567,297,3
655,1267,2
763,73,3
435,820,1
345,781,3
474,434,4
798,1283,4
896,458,1
749,24,2
659,490,4
570,289,1
276,575,2
530,196,5
862,276,5
896,48,4
233,435,5
197,947,2
757,658,2
543,174,4
801,326,4
561,1478,3
887,279,5
659,88,2
897,478,3
715,405,3
234,204,2
727,196,4
650,662,3
854,535,3
881,88,3
826,432,3
567,109,2
792,129,4
387,181,4
505,1063,3
553,275,5
854,333,3
774,227,5
479,66,3
317,678,2
887,200,1
303,21,2
234,243,1
226,513,3
864,1135,3
642,560,4
850,172,5
726,1059,5
689,295,1
682,135,4
846,723,2
826,53,5
798,862,3
830,181,5
758,1007,5
592,172,5
881,642,4
761,476,2
894,1016,3
846,748,3
833,403,1
751,1101,1
322,505,4
868,651,5
263,199,5
537,149,3
280,550,2
795,153,3
387,477,1
437,145,1
491,319,1
611,301,4
468,297,4
729,288,2
871,781,4
409,505,5
501,411,4
188,174,5
815,713,4
378,89,4
627,68,4
244,234,3
870,52,2
406,606,3
659,97,5
608,603,5
666,480,4
798,79,4
774,161,2
459,873,4
201,1056,2
580,1,3
892,73,3
553,480,5
864,349,4
794,1,4
468,153,5
840,513,5
551,570,4
715,79,5
896,684,4
881,282,4
506,186,4
535,223,5
907,619,2
630,237,5
758,864,4
543,515,4
655,644,3
896,713,2
804,143,3
795,581,4
823,286,5
757,570,3
759,1,5
293,429,4
706,742,2
181,410,1
596,149,3
639,549,2
561,780,1
737,173,4
238,1258,1
836,659,5
108,7,5
174,132,2
890,172,5
468,318,5
738,88,3
405,755,2
255,7,2
796,474,2
875,171,5
648,219,4
792,696,3
902,258,3
821,435,4
672,280,2
643,42,4
735,286,5
629,300,4
848,1101,5
281,271,5
500,735,4
896,318,4
661,219,2
699,98,4
506,8,5
82,125,3
855,60,3
896,384,2
833,552,3
559,180,4
312,648,5
268,186,3
588,1074,5
344,22,3
763,56,5
830,202,5
648,780,1
851,932,3
634,322,3
645,772,3
222,255,3
567,679,4
533,132,5
804,615,5
639,528,4
738,474,4
427,286,4
373,197,3
537,380,2
796,38,5
741,403,5
859,762,5
851,258,4
533,88,4
628,338,5
894,638,3
201,733,3
417,171,3
532,79,5
821,318,5
637,225,3
897,127,5
661,538,3
294,281,3
625,514,3
293,235,3
880,243,2
4,324,5
766,662,3
595,336,2
334,275,4
497,590,2
750,879,4
891,591,4
293,100,4
841,323,3
486,678,1
815,393,4
414,340,4
682,246,5
621,395,4
617,269,1
514,191,5
898,288,4
187,186,4
877,640,2
903,100,5
901,1049,3
503,226,5
584,25,3
734,318,5
788,1273,3
388,871,2
655,301,2
872,932,4
692,1012,1
765,971,4
18,52,5
846,540,2
895,597,2
18,716,5
758,185,4
507,597,5
109,11,4
663,183,4
397,748,2
690,121,3
751,538,4
271,539,1
402,116,3
566,736,4
270,603,5
456,1081,4
553,1126,4
896,325,1
635,237,3
603,176,2
601,8,3
618,65,3
85,64,5
655,79,5
782,338,2
705,225,4
473,1007,4
515,347,3
868,176,4
524,228,3
907,100,5
906,100,4
682,26,3
540,20,4
276,531,4
645,65,4
868,202,3
741,281,2
497,790,2
826,174,5
221,578,4
601,230,4
524,1101,4
655,1100,3
835,281,4
417,732,4
222,654,3
11,748,1
862,11,4
889,1134,4
500,245,2
454,468,3
588,1180,2
669,133,4
442,150,4
880,182,5
789,294,3
896,789,2
621,240,4
871,275,3
899,216,5
807,374,3
75,988,2
697,455,4
429,672,2
312,143,4
769,1028,3
453,354,4
890,443,4
655,171,2
642,473,1
165,127,4
853,323,3
374,762,5
716,520,4
758,452,3
314,710,3
416,938,3
430,148,2
707,962,2
44,756,3
292,150,4
49,455,1
328,1021,3
87,804,3
559,195,3
21,628,3
370,525,4
778,180,4
193,286,4
411,1,4
752,327,5
655,356,3
726,310,4
262,369,2
864,98,5
870,17,4
246,227,4
493,174,3
752,1294,3
568,512,1
661,172,5
747,482,5
94,568,3
416,1077,1
790,17,2
845,269,4
906,121,4
863,1038,1
793,250,4
882,815,2
788,471,3
98,988,1
144,174,5
805,93,5
601,455,4
409,100,5
561,479,4
435,655,2
458,238,4
879,151,3
804,558,3
872,1,3
551,596,5
774,431,4
778,56,3
397,991,1
181,108,1
782,1588,3
104,268,3
537,607,4
889,382,2
178,51,4
753,23,2
868,474,4
634,116,3
903,318,5
643,679,3
200,230,5
704,344,4
621,161,3
640,313,5
758,959,3
639,381,2
407,844,2
181,1011,1
814,219,4
892,127,5
437,559,3
449,251,3
642,679,2
7,70,1
805,180,3
327,180,4
586,1249,3
263,28,3
659,174,4
393,333,4
165,187,3
807,140,3
232,589,3
896,159,2
840,747,4
755,881,1
802,7,5
711,393,4
894,288,3
251,845,4
396,117,4
611,324,3
113,292,3
653,56,5
275,181,4
548,525,5
486,742,2
843,831,4
479,204,4
870,51,2
319,301,4
748,56,4
660,83,3
897,227,3
526,333,3
885,866,3
346,188,4
733,302,4
807,101,4
862,184,2
887,1136,5
642,732,4
758,567,4
729,748,4
840,884,5
711,423,3
798,825,3
904,97,4
684,178,4
864,294,4
521,12,5
824,304,3
524,1421,5
372,164,4
882,471,4
836,288,1
497,432,3
751,945,3
889,494,3
665,472,3
537,958,2
803,311,5
653,4,3
661,749,2
239,209,5
835,179,5
870,559,2
781,180,4
875,133,4
668,252,2
671,79,2
774,233,2
407,186,4
887,473,4
863,258,5
608,86,5
847,258,5
875,268,4
757,121,2
456,1134,4
840,210,3
178,781,4
854,591,2
535,520,4
835,237,4
498,772,1
648,104,1
881,98,5
742,50,4
499,886,4
646,332,3
881,97,3
804,624,2
537,963,3
60,484,5
571,357,4
537,640,3
632,11,4
634,595,4
508,210,4
336,781,3
326,195,4
896,186,4
456,1240,3
690,546,4
774,98,4
539,603,4
469,507,5
512,286,5
303,432,3
831,331,4
849,298,5
889,56,5
654,137,4
308,472,2
849,588,5
833,647,4
758,1019,4
716,99,5
674,222,3
880,252,2
350,98,4
815,188,3
883,1045,5
452,1013,1
900,458,2
805,95,3
650,603,4
694,88,4
455,291,3
577,405,3
450,435,4
200,9,4
468,427,5
666,482,4
487,179,3
559,587,4
898,319,5
188,510,3
201,1174,5
608,262,3
334,689,3
561,1170,3
151,371,4
31,306,3
416,323,3
820,301,2
230,431,3
406,582,4
453,402,3
527,1101,4
81,928,4
334,186,3
250,55,5
885,432,4
882,8,5
279,1244,3
459,1038,4
406,485,3
327,174,4
899,685,3
387,583,4
749,576,3
756,111,4
796,684,5
727,411,3
766,217,4
618,164,3
823,423,5
701,689,3
299,97,4
521,89,3
537,1445,3
864,951,3
535,198,4
607,707,4
262,86,3
660,151,5
826,588,4
268,550,2
268,940,2
387,435,3
900,137,3
538,96,4
758,421,4
711,747,4
259,39,4
798,321,3
592,1067,5
840,153,3
484,419,4
703,25,3
472,175,5
332,827,4
886,1324,2
363,393,4
379,428,4
585,52,3
782,260,2
868,615,4
773,393,2
760,204,4
659,185,4
13,274,3
823,159,3
379,529,4
557,197,5
395,100,4
664,531,2
399,223,3
849,27,5
524,818,3
892,604,5
381,1115,4
908,56,4
831,328,3
735,298,4
534,748,4
889,211,4
361,186,3
780,657,3
345,137,4
588,550,3
311,726,3
684,282,4
774,79,2
82,112,1
828,52,3
395,186,5
886,17,4
868,179,4
826,403,4
309,286,4
811,323,5
796,1037,2
900,130,1
442,436,3
378,928,2
653,200,4
159,866,5
758,414,4
903,994,3
437,253,1
884,179,5
702,538,4
744,657,5
454,136,3
673,301,3
95,419,4
717,890,1
645,616,3
821,234,5
613,1315,4
644,181,4
456,208,4
577,663,5
881,924,3
774,795,1
694,673,4
655,1041,3
464,264,4
829,14,2
256,322,4
796,720,4
354,168,5
747,287,4
682,631,3
472,79,5
334,529,5
417,228,3
569,294,2
862,479,4
850,969,5
804,133,3
826,56,5
610,318,5
840,213,4
405,1076,2
377,258,4
663,655,4
867,195,5
13,511,5
180,191,4
804,559,3
845,1463,1
733,282,3
558,283,3
495,179,5
719,79,4
800,257,4
686,527,3
554,289,4
727,1303,2
429,8,3
805,934,1
538,318,5
624,245,3
621,455,4
655,709,3
876,178,4
334,815,3
39,339,3
181,1171,1
493,118,4
626,323,1
889,568,3
311,942,5
880,280,2
233,168,5
379,419,4
783,887,5
788,519,4
916,467,3
798,239,4
782,539,3
823,184,3
804,419,3
911,357,4
663,180,4
421,218,4
838,111,4
813,358,3
486,1609,3
332,255,4
659,1297,2
450,748,4
617,174,1
847,168,4
650,427,4
642,156,1
711,114,5
62,171,4
634,475,5
771,403,4
896,82,3
821,1,5
912,238,4
881,81,3
505,495,3
56,114,4
456,433,4
883,20,4
460,117,3
912,1041,4
776,196,3
870,1041,2
566,387,4
831,347,3
806,433,4
18,419,3
506,271,4
504,717,4
887,210,5
371,185,3
705,215,2
782,993,3
539,269,5
301,128,5
716,546,1
711,77,3
357,150,4
847,410,1
885,596,4
747,631,5
908,414,3
896,144,4
300,687,2
880,347,5
390,9,5
624,1,4
479,8,5
63,3,2
407,216,4
629,55,4
800,1047,3
875,582,5
847,176,3
312,419,3
825,717,4
863,294,4
294,276,4
699,21,3
804,323,4
890,324,4
18,714,4
749,160,3
894,221,4
868,122,3
468,529,3
398,1041,3
412,357,4
870,92,4
605,405,3
102,1052,2
894,1142,4
862,175,5
880,1002,3
798,1544,3
548,628,2
840,203,5
825,14,3
532,633,5
636,813,5
456,1020,4
532,480,5
655,8,3
434,476,4
434,288,5
543,237,4
759,121,5
828,1597,3
320,238,4
882,117,4
345,1009,2
90,171,2
839,285,5
896,385,4
707,517,3
821,70,4
389,820,3
758,569,3
664,156,4
894,328,4
788,38,3
908,156,3
663,919,3
863,1607,2
472,375,5
682,471,3
806,195,3
502,288,5
789,181,4
323,268,4
630,496,3
472,760,5
650,423,3
903,182,5
487,628,4
808,302,5
582,235,3
280,670,2
551,357,5
201,48,3
815,418,4
392,340,5
914,724,3
466,82,3
168,118,4
833,183,5
723,289,2
325,195,2
548,310,3
741,15,4
303,1046,3
839,319,1
882,86,5
152,724,5
823,55,4
887,1540,5
788,222,3
514,176,4
608,131,4
409,357,5
334,150,4
453,508,4
334,846,3
741,566,4
608,483,4
630,640,1
393,879,3
452,70,5
276,508,5
72,526,4
894,249,3
684,100,4
844,625,3
738,238,4
842,269,5
345,5,3
650,294,3
648,89,4
881,291,3
862,111,5
883,16,4
177,183,4
825,926,4
23,195,4
795,150,3
503,234,5
506,233,4
823,155,3
279,1088,4
269,521,4
875,474,5
769,405,2
606,806,5
606,234,4
416,90,4
334,220,3
757,62,3
751,746,4
795,182,4
721,938,3
725,15,4
752,305,4
851,123,4
885,186,4
234,622,2
451,1395,1
192,1171,2
757,122,1
295,470,3
642,739,5
565,1622,4
718,118,4
852,181,4
405,746,1
548,742,5
693,729,4
424,508,3
870,789,4
560,483,5
846,1267,3
454,627,2
847,39,2
897,186,5
11,318,5
878,275,4
561,676,3
871,302,5
650,186,4
666,210,2
647,70,3
914,111,1
638,435,3
277,278,1
693,222,2
59,265,4
722,756,3
592,1070,5
911,588,4
11,449,3
388,1,5
885,70,5
864,1119,3
648,566,4
839,292,3
99,1048,4
551,281,5
504,127,5
671,68,3
847,234,2
184,506,4
174,280,5
846,22,4
621,94,2
718,717,4
682,890,2
46,300,3
916,1428,3
169,443,4
256,229,3
548,226,5
705,399,5
152,596,2
148,191,1
454,465,3
802,760,3
716,514,5
788,518,3
804,378,4
869,118,1
887,181,5
705,195,2
493,234,5
890,843,3
798,259,5
876,238,4
795,727,3
864,176,5
846,64,4
659,1138,4
577,298,4
586,930,2
525,291,2
896,133,2
137,118,5
478,591,3
561,733,3
877,955,4
877,216,4
715,157,4
181,598,1
659,1172,4
757,385,3
297,465,3
658,212,3
897,393,4
499,425,3
846,482,5
194,367,3
514,152,4
561,1070,4
756,210,4
441,313,4
398,414,3
175,88,4
468,952,3
90,242,4
440,749,3
587,294,3
20,633,4
677,687,4
782,292,4
698,176,4
880,831,4
847,448,4
692,326,3
826,946,3
385,61,2
780,275,4
716,480,5
365,352,1
392,191,5
788,133,5
378,382,4
870,1134,4
749,802,3
618,924,4
498,204,2
774,418,2
764,99,4
537,964,3
758,203,5
728,742,4
889,217,4
13,152,5
489,349,4
757,68,4
617,440,4
497,364,3
808,325,1
905,258,3
870,504,5
479,201,4
328,64,4
643,33,3
906,321,4
647,568,4
643,516,4
733,1023,1
622,121,1
606,88,4
870,272,4
457,628,4
416,803,3
833,186,1
452,492,4
593,546,3
782,324,2
26,298,3
551,168,5
198,291,2
878,736,5
627,123,3
457,566,4
892,76,4
292,603,5
796,1041,5
738,181,4
393,538,3
884,1214,1
694,965,4
377,895,3
804,1047,3
101,819,1
32,7,4
682,380,4
805,735,4
172,23,3
423,127,4
659,469,4
560,211,4
13,662,5
773,1367,5
896,398,2
520,294,3
864,7,5
840,238,5
844,151,4
862,199,5
234,466,4
889,479,4
560,617,3
892,71,3
682,552,3
896,222,4
593,763,3
458,25,1
493,257,5
798,391,3
834,343,4
729,901,1
742,237,4
324,250,4
474,491,4
663,289,1
896,273,5
437,583,1
232,900,5
528,31,5
449,288,3
803,245,4
452,576,2
537,100,4
373,177,3
639,135,4
750,305,4
234,164,3
345,262,5
653,89,5
828,306,3
892,578,4
618,136,3
339,823,3
416,451,5
429,972,4
101,225,3
38,288,5
871,947,2
144,12,4
546,898,4
705,148,5
222,541,2
705,29,5
445,460,2
480,12,5
423,879,3
642,1179,3
823,180,4
533,474,3
892,708,4
774,947,2
795,238,3
828,1005,3
363,73,2
787,271,1
733,149,4
864,720,3
198,31,3
746,89,4
807,231,4
504,451,1
586,779,3
664,151,4
883,529,5
846,731,3
751,756,2
902,318,5
804,472,3
758,125,2
221,150,5
556,604,5
294,258,3
825,491,4
54,240,4
193,24,2
643,185,5
850,228,5
802,396,2
847,479,3
831,326,4
881,655,4
911,168,4
736,1278,1
561,232,3
561,510,3
804,406,3
825,176,5
727,755,2
679,721,3
395,423,5
667,196,5
763,16,5
719,378,4
875,176,4
865,122,3
907,290,4
859,846,5
850,15,5
38,326,5
158,686,5
686,430,4
860,159,3
880,928,2
847,367,3
143,307,4
879,763,5
639,52,3
28,230,4
577,742,4
748,89,5
786,871,1
524,173,4
868,151,5
682,276,3
896,98,5
712,969,4
314,934,4
435,1240,4
534,333,5
524,98,3
527,172,5
632,55,2
916,271,3
916,232,3
908,192,2
880,8,4
798,1183,1
399,845,3
660,307,3
901,287,3
893,264,3
835,354,3
307,222,4
660,1483,3
744,1,4
773,354,2
867,210,5
540,473,3
864,217,4
871,883,3
727,257,2
311,198,3
659,62,4
660,135,4
844,431,4
894,273,3
840,194,3
582,748,3
543,944,3
457,1119,4
702,343,2
815,7,4
211,1330,3
796,280,4
423,750,5
833,325,4
798,405,5
125,90,5
881,50,3
650,15,3
828,224,3
13,62,5
724,336,1
194,97,3
75,79,5
416,690,5
576,276,3
566,2,5
451,681,1
141,1028,4
871,237,3
459,685,3
660,41,1
717,281,4
727,444,2
810,304,4
798,228,3
877,275,4
640,761,5
702,683,1
880,235,3
405,568,4
25,1,5
824,268,4
466,50,5
899,275,4
830,820,1
70,451,4
85,630,3
869,181,3
535,529,3
727,1244,3
768,405,4
622,49,3
489,303,4
198,248,3
712,738,4
271,692,4
181,1329,1
615,937,2
536,144,4
862,413,4
793,696,3
514,111,5
648,25,2
808,750,5
907,724,5
380,190,5
681,294,5
92,451,3
342,289,2
796,597,5
867,11,3
916,100,5
13,53,1
875,501,4
593,133,4
840,99,5
739,97,5
214,482,4
298,174,5
723,191,3
833,451,1
654,742,4
293,436,3
918,488,3
757,546,3
886,472,3
840,509,3
663,148,4
891,278,4
64,87,4
806,511,5
253,234,4
486,280,2
698,480,2
764,356,4
815,436,3
840,655,5
823,92,5
727,510,4
563,476,3
611,307,4
533,489,4
833,1597,5
648,23,3
537,673,3
605,471,3
269,657,4
10,709,4
804,1056,4
776,192,5
774,205,4
907,685,5
627,2,3
312,222,3
660,722,1
823,216,5
617,635,4
707,449,2
804,948,1
537,1006,2
429,514,3
790,436,4
464,322,3
864,356,4
882,294,4
591,285,5
892,177,4
825,307,4
452,526,4
569,273,3
416,238,4
897,928,5
435,291,4
806,475,4
636,275,3
830,435,5
429,665,2
747,30,5
222,117,5
868,209,4
796,181,5
318,216,4
834,151,4
899,231,1
342,11,5
919,1101,5
637,596,2
606,187,4
535,47,5
845,1394,4
886,161,5
840,297,5
846,675,2
456,616,3
457,469,4
416,1221,5
622,511,4
411,485,4
690,1028,4
733,619,3
919,787,3
921,24,3
916,366,3
738,81,4
392,347,4
782,1605,2
600,771,3
453,717,2
524,1050,2
543,692,4
586,550,4
397,313,4
70,596,3
861,275,5
846,289,4
693,492,3
769,284,3
884,166,3
755,264,2
910,182,4
447,290,4
864,132,5
503,736,4
6,340,2
896,672,2
532,1189,5
383,496,5
886,318,5
532,1168,4
433,269,5
606,294,2
200,720,4
847,474,4
883,752,4
908,173,3
551,460,3
596,895,3
326,175,1
532,272,5
271,188,2
758,676,2
786,724,4
339,121,3
903,409,4
716,50,5
399,769,3
197,326,3
766,136,3
891,280,3
76,156,3
896,526,4
665,411,4
567,481,5
606,238,4
639,923,4
337,392,5
846,269,5
840,170,4
296,11,5
711,288,1
773,547,4
853,887,2
860,1061,3
305,176,4
664,715,3
913,99,4
773,1097,4
561,171,5
910,1012,4
899,154,5
500,1166,4
670,606,4
826,229,4
807,404,3
72,493,5
823,197,5
889,498,4
749,157,3
854,127,4
113,874,5
734,132,3
892,649,5
896,356,3
840,180,5
527,180,5
519,1612,5
717,125,4
749,448,2
726,1028,2
846,378,4
850,663,2
846,480,5
605,949,5
916,1046,2
758,1022,5
707,303,3
542,180,3
716,88,4
545,627,3
655,250,3
696,347,1
536,489,4
603,747,3
751,270,4
751,89,3
832,876,3
798,463,3
838,187,3
6,9,4
582,269,4
56,161,4
514,95,4
603,751,4
662,1381,5
862,24,4
634,118,4
834,347,4
378,458,4
194,177,3
871,50,5
660,430,4
106,162,5
653,518,2
882,476,3
790,1446,4
195,431,3
788,258,4
815,969,5
90,223,4
735,7,3
882,692,4
554,273,3
650,472,3
338,180,4
332,682,4
293,193,3
454,202,3
903,746,2
870,381,3
91,69,5
875,173,5
886,697,1
809,286,4
712,140,4
839,866,2
901,78,4
817,328,4
575,111,1
916,470,3
871,690,3
881,434,2
467,1011,2
800,597,4
562,458,2
426,646,3
790,559,3
512,183,5
18,216,4
450,727,4
705,685,5
537,274,2
805,25,4
587,268,4
426,1020,4
648,204,5
805,396,4
692,300,4
854,220,4
551,159,4
883,256,5
642,386,5
325,737,4
766,526,2
158,56,5
868,167,1
767,28,4
782,344,3
262,66,3
787,350,1
54,245,4
299,384,3
682,156,5
450,926,4
311,76,4
16,199,5
435,649,3
709,217,5
846,31,4
896,768,2
916,160,3
553,132,4
907,340,2
694,660,3
537,511,5
506,742,5
758,496,3
782,535,3
187,435,4
890,153,3
901,22,5
11,176,3
634,9,5
299,603,3
664,627,1
463,304,3
560,284,3
897,151,5
577,237,4
854,191,4
653,1444,3
438,1,4
454,222,3
532,420,4
677,980,2
645,212,4
655,781,1
382,1017,4
561,483,4
293,161,2
627,33,1
848,428,5
222,99,3
764,174,5
758,1046,4
362,300,5
831,749,2
907,591,5
887,1035,5
479,300,2
545,328,4
201,656,4
305,33,3
688,304,5
798,821,5
541,403,3
896,123,3
916,451,3
600,4,4
280,380,2
94,177,5
804,4,4
823,186,4
826,231,3
429,1020,4
751,742,3
796,809,4
857,19,4
445,1014,1
314,1253,4
694,161,4
843,142,2
747,949,5
216,276,4
183,144,3
699,273,3
738,662,4
828,190,3
834,117,4
422,117,2
250,151,4
749,686,4
709,363,3
535,507,5
618,925,2
222,1439,3
744,276,4
847,202,4
739,187,4
787,331,3
683,311,3
807,62,3
705,684,3
293,217,3
561,3,3
537,750,3
897,419,4
823,68,3
864,64,5
607,275,4
426,205,4
64,326,3
603,180,4
616,313,5
379,47,5
244,845,3
763,173,4
717,237,5
843,252,3
854,270,4
315,301,2
378,118,4
299,4,3
532,7,5
887,768,4
766,179,4
897,473,3
790,496,3
910,100,4
805,117,3
594,242,4
417,156,3
666,494,4
711,16,5
860,301,2
455,193,4
687,895,4
919,257,4
529,880,4
730,276,3
627,849,4
650,272,4
870,181,4
756,226,3
178,331,4
880,237,4
912,204,2
74,268,3
908,55,3
629,294,3
859,1095,2
450,1284,3
830,241,4
493,338,4
825,1028,3
854,619,2
683,344,3
243,10,4
314,846,3
883,1121,3
506,482,5
889,273,4
880,728,4
916,252,2
201,182,4
542,763,4
915,304,3
222,258,5
330,405,5
783,271,5
653,973,2
816,259,2
770,742,4
845,1022,2
184,317,3
889,129,5
671,222,1
633,498,2
758,542,2
561,173,4
207,763,3
407,796,2
747,672,4
881,77,2
637,151,5
826,768,3
126,990,4
804,1041,3
908,288,4
642,102,5
286,734,2
590,6,5
412,969,3
751,2,4
502,271,5
398,484,4
514,144,3
908,694,4
606,333,5
450,749,4
524,70,4
887,633,5
922,161,3
890,516,2
848,588,3
312,178,5
796,185,4
676,270,4
450,284,4
864,422,3
843,432,2
894,244,4
497,553,2
886,1073,4
638,229,1
454,402,3
773,260,2
712,655,5
749,404,5
877,732,4
894,281,3
823,282,3
905,245,3
331,634,3
648,926,3
435,496,4
854,7,4
199,813,3
258,294,4
354,1466,5
790,215,2
606,108,1
892,54,3
882,473,3
663,508,4
342,169,5
556,318,5
901,8,3
918,131,3
870,470,3
504,307,4
201,506,4
506,44,4
923,410,3
354,433,3
503,293,4
798,1034,2
123,185,4
653,403,2
886,483,4
745,151,2
31,519,4
896,191,4
65,111,4
724,349,2
808,262,5
453,226,3
537,478,4
620,859,4
311,380,4
405,942,1
805,172,4
543,2,3
914,88,2
665,186,4
500,831,3
427,289,5
276,71,4
911,435,5
44,50,5
7,71,5
403,257,2
378,160,2
407,504,3
828,958,5
174,988,1
829,275,4
862,978,3
425,265,3
870,131,4
790,1048,4
705,94,4
727,1034,2
498,185,4
758,76,3
234,749,3
407,930,2
276,1145,2
803,988,1
840,8,5
95,715,1
810,321,5
474,616,4
246,133,3
13,862,3
643,1065,4
313,481,4
798,158,2
378,543,4
806,12,5
901,988,4
890,1065,3
398,447,2
712,585,4
592,443,5
577,172,4
766,177,3
315,303,4
256,986,5
913,58,5
216,508,4
94,172,4
534,1054,5
868,423,2
861,736,4
790,977,1
880,363,4
902,295,2
751,490,4
883,1,3
727,157,3
250,91,5
833,384,3
380,151,4
198,230,3
831,298,5
881,385,4
805,385,1
922,143,4
733,985,3
263,662,4
889,7,3
18,48,4
485,311,3
928,8,5
650,566,3
840,405,4
902,327,3
682,22,5
537,305,4
326,521,2
757,343,3
624,300,4
798,1539,2
823,172,5
333,520,4
894,740,4
653,28,4
567,271,4
892,230,4
778,11,5
374,203,3
703,118,5
864,511,4
593,25,3
764,274,3
624,763,3
620,164,5
747,1098,4
405,571,5
450,318,5
912,172,3
187,300,4
343,203,5
450,968,4
697,323,4
851,974,2
817,840,2
782,1191,3
308,410,4
748,186,5
861,1148,3
857,475,5
521,324,2
557,292,4
654,114,5
746,127,2
914,197,4
291,96,4
627,197,5
311,417,3
870,499,4
447,294,4
682,433,3
749,211,5
373,856,3
913,357,5
682,685,3
620,63,5
894,285,4
465,281,2
615,357,5
839,286,4
705,222,5
892,89,5
887,84,4
313,222,3
875,651,5
795,826,3
746,685,3
883,1019,5
863,305,4
303,679,2
886,98,4
456,697,4
650,578,3
775,327,5
787,938,3
301,402,2
592,60,4
880,546,3
840,474,5
705,95,4
864,1210,2
903,203,4
458,460,4
272,133,1
393,1039,3
757,939,4
805,45,4
727,570,2
456,395,2
467,258,2
125,243,2
7,602,3
775,312,3
188,684,3
519,903,5
927,222,5
561,455,3
197,311,4
280,142,4
318,121,1
671,234,4
864,483,5
189,498,5
752,346,4
922,210,3
682,55,4
303,1337,1
343,215,5
715,24,3
659,175,5
916,229,3
437,425,4
381,159,3
778,268,2
896,597,4
859,1061,4
449,14,3
751,417,2
394,405,3
921,1060,2
790,552,2
867,68,4
721,1039,5
545,80,3
561,268,3
176,293,5
487,392,4
892,63,4
882,526,4
788,318,5
889,462,5
831,50,5
843,429,4
847,645,3
514,1039,5
334,29,2
395,1028,2
832,294,4
655,193,3
417,90,3
782,1417,2
790,188,4
748,451,1
844,258,4
416,15,4
843,800,4
591,13,4
568,135,4
922,371,3
867,650,5
488,234,4
733,127,3
630,193,3
285,258,2
321,491,3
167,554,1
554,770,1
620,760,3
833,730,4
653,117,4
927,138,4
450,501,4
267,1028,3
831,300,3
805,412,3
838,275,5
454,48,4
846,451,4
881,38,3
694,187,4
537,789,2
568,661,4
311,699,4
90,505,5
693,313,5
92,228,4
757,751,3
857,348,1
210,222,4
708,9,1
487,156,4
682,657,4
724,301,4
179,682,5
450,307,5
804,226,4
686,317,5
727,526,4
712,173,5
924,96,4
875,4,3
851,682,1
588,570,4
552,873,3
3,347,5
625,212,3
699,322,3
923,333,5
655,766,3
385,182,5
796,826,2
130,347,4
279,1030,4
249,603,5
464,307,5
265,676,2
682,231,1
699,116,4
878,416,5
593,744,3
886,636,3
721,306,3
761,864,4
855,1021,3
705,143,3
889,782,2
892,173,5
360,520,4
806,95,5
905,328,3
721,260,3
504,633,3
866,300,1
423,293,4
537,647,4
899,751,4
655,1193,3
655,28,3
929,89,5
896,546,2
445,1051,1
650,185,3
805,55,5
886,129,5
823,95,4
788,409,3
747,56,5
109,25,4
846,135,4
807,451,5
924,117,2
456,824,3
6,261,3
847,144,4
508,179,4
923,827,3
919,243,3
842,270,5
896,562,2
92,702,3
497,629,2
880,233,4
848,490,5
847,485,3
537,277,2
885,239,3
900,589,5
642,651,4
205,748,4
758,603,5
828,340,5
838,206,4
442,222,3
897,202,2
409,1392,1
676,193,5
640,189,5
860,153,4
852,7,3
796,1285,4
790,776,3
913,301,1
521,226,4
698,486,4
928,98,5
919,690,3
91,418,2
844,326,3
246,616,5
602,237,4
169,538,4
540,9,5
922,215,3
405,381,1
743,292,3
870,520,5
731,434,1
854,200,5
862,603,5
553,45,4
658,100,4
429,99,3
575,963,1
374,684,5
534,1052,4
896,685,3
854,125,3
885,65,2
177,307,4
798,1425,4
804,200,3
748,200,3
286,1079,3
833,504,4
896,452,3
712,560,3
931,50,3
916,781,3
881,478,4
823,153,4
875,96,4
391,50,4
817,363,3
751,1446,2
886,62,3
355,1175,5
7,463,4
867,228,5
642,2,4
822,408,5
738,697,2
839,696,2
924,174,5
864,276,5
701,303,4
874,340,3
786,204,4
488,751,3
312,97,5
292,169,5
572,9,5
507,538,4
707,953,4
642,801,3
650,483,5
903,708,4
428,303,3
887,692,5
758,234,4
846,528,5
189,486,5
758,533,4
130,471,2
803,338,2
655,642,3
682,153,3
151,277,4
840,165,5
397,665,3
543,700,2
872,111,4
330,318,5
904,694,3
87,49,5
889,1419,2
887,99,5
99,310,3
759,117,5
98,211,4
790,66,3
645,243,1
561,4,3
746,684,4
887,826,1
618,699,3
826,391,4
861,547,4
781,258,2
883,64,4
913,92,4
917,25,4
119,924,4
927,501,4
886,238,3
190,328,3
25,408,5
924,1400,4
790,96,3
174,648,5
22,250,5
801,294,5
826,343,5
751,300,2
621,501,3
524,1074,2
595,14,5
733,546,1
711,213,5
711,69,3
864,623,3
858,289,3
453,453,2
870,554,2
655,214,3
374,288,4
402,748,3
854,537,3
12,328,4
747,651,5
619,827,3
497,4,3
660,472,2
244,1028,3
899,660,4
574,344,5
727,88,5
892,191,5
889,302,4
346,233,4
295,52,5
455,449,4
267,293,4
894,847,4
790,781,4
843,959,2
838,271,4
738,176,5
844,778,4
122,239,4
882,237,5
896,141,3
864,56,5
885,95,4
285,300,4
660,90,2
707,174,2
94,627,3
916,1335,4
679,28,5
675,900,4
637,7,1
862,201,3
893,117,4
846,50,5
25,419,4
463,25,3
655,939,3
354,610,4
582,597,3
927,294,5
845,900,3
711,135,4
900,280,2
481,252,4
711,1163,4
721,107,4
850,174,5
782,1256,2
657,9,4
776,675,3
650,215,2
455,269,4
701,690,4
535,963,5
556,172,5
862,919,4
840,56,5
896,227,4
903,204,3
647,1047,4
391,125,3
417,1057,2
679,154,4
822,1240,3
694,1028,3
595,258,4
889,186,5
707,660,5
637,25,4
504,418,3
820,343,4
545,77,3
230,117,5
57,845,4
486,741,3
715,470,4
293,1135,3
618,54,3
711,169,5
915,288,2
750,245,3
694,648,5
916,244,4
683,906,4
342,293,4
648,14,2
896,200,4
818,887,4
889,386,3
652,294,2
524,466,4
919,259,4
673,258,2
891,934,3
932,135,5
738,455,4
820,316,3
437,721,2
128,496,5
425,546,3
635,117,2
23,56,4
711,313,4
651,294,1
116,343,2
639,792,2
880,692,3
47,307,4
932,7,4
751,737,4
909,286,4
932,435,4
908,98,5
493,1016,4
796,211,3
776,816,2
694,498,5
172,642,4
800,125,3
416,447,4
843,96,3
883,715,5
807,657,4
889,175,4
805,546,2
358,45,3
932,285,4
771,294,4
886,172,5
682,762,3
836,419,2
499,257,5
889,678,3
562,153,4
608,70,4
921,8,3
610,8,4
321,19,4
682,5,3
279,1494,1
896,1672,2
752,351,3
759,742,5
527,185,5
862,737,4
102,229,3
620,1036,4
709,203,4
416,151,3
880,1000,3
659,167,3
877,300,3
774,405,1
346,68,3
592,467,5
764,70,4
566,386,1
826,435,4
786,708,4
326,550,5
660,134,4
551,69,4
630,325,3
703,993,4
913,260,1
922,1035,3
223,71,5
916,523,3
921,1,3
506,95,5
823,188,5
709,173,4
112,313,5
896,367,4
790,181,4
896,549,2
450,713,3
455,121,4
291,742,3
435,265,3
887,1278,2
880,65,4
629,23,5
932,105,2
922,89,5
198,181,4
527,492,3
846,1148,3
417,322,3
541,405,3
773,382,3
916,170,4
497,90,4
835,1673,3
393,785,3
601,141,4
846,507,3
848,530,5
629,174,5
870,209,4
679,153,2
880,69,4
868,121,2
206,1175,1
932,1204,5
790,762,5
487,783,4
757,746,3
64,79,4
811,892,4
643,219,5
833,636,3
338,497,3
762,173,5
29,1019,4
566,443,4
626,272,5
442,859,3
868,188,3
806,28,3
632,132,5
116,249,2
716,387,4
587,918,3
110,238,3
13,38,3
854,604,4
833,72,2
218,603,4
421,197,3
463,1284,4
889,520,4
316,275,5
671,802,3
795,1555,3
311,231,4
922,72,4
661,1035,3
802,657,4
445,433,2
757,809,4
783,258,4
201,441,1
399,468,3
508,232,3
846,486,5
610,9,3
666,647,5
595,3,4
13,211,4
788,614,4
774,53,4
716,180,3
864,794,3
256,409,4
871,751,4
43,208,5
707,297,3
804,981,3
661,140,3
128,702,3
755,271,1
380,272,4
232,508,1
913,1112,1
868,96,2
606,684,3
445,1047,1
522,521,5
397,186,5
833,1154,4
804,984,4
796,112,4
881,196,3
682,258,3
747,887,5
880,1276,3
712,196,4
863,349,1
772,310,4
589,879,4
790,41,3
774,684,1
908,701,4
752,345,1
862,820,4
795,576,2
522,48,4
301,409,4
66,284,3
846,1473,5
782,900,3
833,144,4
648,637,2
623,186,3
896,76,3
847,732,4
846,71,4
663,748,2
719,240,1
795,204,3
455,213,4
780,79,4
416,232,5
846,393,3
144,223,4
472,660,5
887,710,5
766,396,2
664,159,3
262,92,3
894,332,3
758,462,4
653,1135,2
158,518,4
305,474,5
870,781,3
896,414,3
881,103,1
711,542,1
918,1065,4
881,127,4
807,415,3
703,1197,3
903,254,2
757,11,4
916,1135,3
321,493,4
806,155,3
880,1030,2
397,652,3
705,210,5
444,306,5
178,511,5
846,552,4
328,1401,2
256,841,2
468,50,5
622,280,3
234,629,4
868,225,1
642,783,4
306,258,2
870,591,2
145,590,1
725,181,4
843,99,2
496,961,2
807,739,4
886,813,4
181,508,3
216,1,4
466,17,5
643,481,4
919,19,4
749,185,4
749,89,4
839,326,4
406,491,4
782,335,2
463,237,4
707,220,2
554,4,2
554,531,4
796,321,2
521,87,3
450,188,3
932,504,4
552,1278,3
864,476,2
497,62,4
846,719,2
328,159,3
872,237,4
761,426,1
707,1174,5
774,519,5
201,366,2
763,61,5
889,515,5
624,455,3
226,286,4
887,235,3
733,405,2
553,181,4
551,636,5
756,123,2
616,289,4
833,933,4
144,126,4
716,614,4
881,943,4
704,611,3
919,253,3
853,271,3
896,423,3
853,328,3
474,188,5
82,50,5
786,66,4
506,517,2
846,72,4
1,55,5
716,792,4
416,353,2
928,187,5
913,8,2
345,628,3
541,66,4
145,310,4
804,240,4
605,269,4
514,511,3
828,895,2
575,79,5
71,286,4
272,194,5
908,204,4
915,310,3
746,172,5
897,194,5
877,402,3
897,568,5
491,127,3
535,517,4
896,436,3
878,82,3
537,129,3
894,582,4
328,69,4
790,940,3
916,866,3
567,89,5
749,628,4
716,493,5
837,276,1
864,140,3
724,876,1
886,67,4
745,205,2
758,1016,4
868,427,4
625,408,4
804,929,3
181,1187,1
834,150,5
247,121,4
693,1248,3
924,6,4
682,268,5
708,926,3
119,299,4
11,121,3
630,550,3
505,313,5
886,824,4
798,722,3
868,501,3
361,28,3
287,168,5
667,86,5
587,334,3
716,622,3
262,132,3
447,13,5
887,206,5
739,301,5
59,525,3
655,9,3
594,15,4
896,132,3
881,739,4
334,307,3
889,1079,2
934,50,5
756,473,3
892,500,5
881,401,1
592,747,4
870,462,4
843,679,4
899,230,4
138,1,4
934,423,3
863,332,4
228,286,5
178,684,5
649,254,4
848,154,5
846,746,3
782,1382,3
815,127,3
889,399,3
565,971,5
10,482,4
61,751,3
792,13,4
698,1021,1
871,335,3
655,204,3
674,742,5
68,276,5
721,65,1
788,227,3
606,585,4
806,1074,3
334,129,4
828,270,5
864,216,4
462,261,2
933,1017,3
880,579,3
704,661,4
913,12,4
911,185,5
918,1200,4
655,1479,2
889,771,2
312,223,5
788,85,1
457,1029,3
694,663,4
804,212,3
807,21,4
830,230,3
360,69,3
919,322,3
868,210,5
886,27,2
154,200,5
825,413,3
536,568,4
854,3,1
519,1295,5
653,168,3
707,1101,4
72,188,4
886,182,4
458,499,4
327,537,4
458,1226,2
759,257,4
525,269,5
587,264,4
665,660,4
903,181,4
59,182,5
663,192,4
62,1028,1
380,845,4
7,586,3
807,820,3
892,102,3
796,402,5
796,132,4
911,174,4
437,221,5
935,476,4
602,538,4
813,901,1
643,673,4
7,96,5
363,549,4
370,302,5
664,215,4
537,837,3
854,176,3
798,560,3
693,855,2
889,1072,3
38,294,5
194,518,4
655,1514,2
896,215,5
711,318,5
690,1041,3
194,1107,3
893,294,3
130,257,4
44,520,5
416,1011,4
539,132,5
819,248,5
830,432,3
754,276,5
59,1112,3
727,845,3
843,21,2
584,230,4
707,949,3
666,169,4
739,172,4
709,728,4
758,238,5
889,747,4
622,1203,3
450,662,4
843,176,4
105,343,2
130,355,4
819,268,4
730,258,5
891,281,5
643,153,4
900,493,2
682,1079,3
497,237,3
747,392,3
585,919,2
705,403,4
478,12,5
324,690,4
897,1254,2
885,418,4
854,488,4
842,886,4
932,1065,5
533,216,4
460,298,2
663,89,4
889,183,3
733,1115,3
887,82,4
846,102,2
847,567,3
938,864,4
933,317,4
899,2,3
862,657,5
291,184,4
604,441,2
896,462,3
922,756,2
343,403,4
442,153,3
812,261,1
772,300,4
602,358,4
774,448,2
774,1218,3
900,474,4
659,431,4
843,447,2
94,67,3
455,144,3
753,435,4
903,276,5
35,300,5
821,427,5
575,182,3
868,524,3
523,1047,5
707,1068,4
805,501,5
589,322,3
878,137,3
895,284,3
738,206,3
328,235,3
815,193,4
374,294,2
924,523,5
887,423,2
420,173,3
435,58,3
746,8,4
222,150,3
459,259,4
833,670,1
707,811,4
721,873,3
655,1529,2
897,204,4
919,358,3
909,582,5
399,302,4
62,190,5
935,284,4
406,660,3
476,66,3
892,97,5
339,343,3
21,986,1
909,292,4
650,393,3
160,213,4
761,455,2
846,780,4
874,748,3
500,183,4
913,527,5
435,144,4
256,228,3
724,1062,1
660,227,2
504,1147,4
387,1011,3
518,628,5
792,591,2
271,654,5
919,887,3
833,320,4
727,398,2
878,181,3
716,172,4
774,23,3
868,273,3
846,679,3
442,447,3
747,290,3
295,1,4
825,12,5
501,597,3
461,258,4
385,1449,4
891,471,5
79,222,4
497,210,4
339,200,5
234,989,2
853,258,3
899,218,4
630,932,2
846,1248,4
664,285,5
889,173,5
815,200,5
854,285,4
870,396,3
445,289,1
458,735,2
682,299,4
474,469,4
693,174,4
775,329,3
758,705,5
862,183,5
107,325,3
929,209,3
747,1225,3
394,89,5
815,50,5
532,136,5
484,2,4
874,289,4
885,91,3
796,191,4
343,198,4
817,324,2
352,431,2
749,620,4
788,211,4
711,425,4
863,898,1
327,246,4
634,272,5
486,21,3
878,15,4
251,125,4
709,11,5
506,202,5
285,270,4
276,1213,1
771,79,1
707,1642,5
496,842,2
707,93,5
927,24,3
303,1039,5
901,623,4
745,427,4
940,193,3
642,237,5
404,750,3
387,563,2
773,258,5
655,1633,3
883,28,3
119,204,4
897,143,5
864,382,3
882,222,5
916,214,3
474,200,3
804,183,4
916,175,4
497,725,3
87,476,2
372,292,5
790,1091,1
747,313,5
804,756,3
628,1025,5
632,143,5
739,197,1
378,949,3
846,1118,5
551,84,1
919,347,3
888,869,4
900,183,3
905,282,3
524,570,4
524,523,4
642,571,3
868,417,1
788,661,5
616,343,4
497,49,3
880,402,3
223,313,5
397,298,4
474,1011,4
932,176,5
393,449,2
313,15,2
882,988,5
782,898,3
7,577,2
881,1540,1
894,83,4
749,526,5
833,396,3
269,735,2
593,233,2
889,461,3
819,1160,4
707,1211,4
886,171,4
59,603,5
454,480,4
551,451,1
608,1221,2
940,568,3
592,482,4
897,56,2
831,31,4
222,770,3
624,122,3
870,68,3
641,209,4
621,88,2
935,100,3
715,274,3
693,281,3
872,748,3
696,427,5
892,144,5
116,292,4
940,14,3
860,305,4
771,69,5
922,382,4
863,1022,2
331,22,4
802,234,5
899,172,4
625,235,3
925,5,4
488,136,4
771,144,1
934,573,2
710,174,4
568,56,4
595,275,4
313,141,4
942,117,4
863,873,2
889,155,3
286,330,5
771,408,5
774,241,4
466,895,3
697,118,3
123,14,5
894,863,5
664,408,5
721,172,5
880,864,3
940,205,3
548,181,4
587,358,3
444,328,5
933,28,4
84,318,5
234,1075,3
897,497,3
256,50,4
399,222,3
846,967,3
865,676,2
940,272,4
194,679,2
640,461,4
712,388,3
846,727,4
406,180,5
911,496,3
868,919,4
817,546,4
830,480,5
766,393,3
622,162,3
847,404,3
279,32,3
608,22,4
864,1228,3
912,132,5
610,127,5
886,789,3
937,275,4
152,88,5
868,117,2
557,682,2
1,42,5
610,185,5
882,33,2
833,92,2
706,181,4
889,24,4
835,313,5
405,44,1
748,326,3
346,177,4
825,117,5
781,215,3
860,300,4
830,2,3
394,252,3
828,509,2
253,490,5
716,225,3
606,111,4
1,139,3
790,25,2
487,802,4
479,509,4
301,122,2
846,469,2
942,200,4
798,97,1
371,31,5
846,190,5
940,655,4
529,343,3
173,326,5
806,216,4
601,864,1
443,260,1
840,197,5
305,275,2
825,1244,5
789,1,3
592,472,1
767,483,5
913,1240,2
896,25,3
321,127,3
831,316,3
722,476,4
890,625,3
682,660,2
730,327,2
933,187,4
258,877,3
271,470,3
429,65,3
215,159,3
766,386,3
758,526,4
593,288,4
892,118,4
805,655,3
859,294,3
710,299,3
345,1007,5
433,286,5
831,7,5
125,1204,3
835,527,4
537,1166,2
932,55,3
864,99,3
938,122,1
393,729,4
911,381,5
792,147,4
903,288,4
650,419,4
774,201,2
178,628,4
843,191,3
848,89,5
896,481,4
73,894,1
880,40,2
867,98,5
830,612,4
770,303,4
437,101,3
444,307,3
161,929,1
235,429,4
469,161,3
833,943,4
671,56,1
897,477,3
17,628,1
556,340,5
865,268,4
747,111,4
883,212,5
766,89,4
843,675,5
865,91,3
753,294,5
559,520,5
194,79,3
527,427,4
903,191,5
745,125,5
389,302,5
773,179,5
655,5,2
653,526,3
551,294,4
747,133,5
688,359,5
305,318,3
450,96,4
567,498,4
435,44,2
455,147,4
92,385,4
899,640,1
893,148,3
653,225,1
864,87,5
937,9,5
542,627,3
662,1652,3
846,1311,2
924,127,3
805,631,5
584,249,4
905,300,4
913,481,3
379,1113,4
659,568,4
486,304,3
128,258,2
846,219,4
779,109,3
497,450,2
825,293,3
626,266,1
637,301,1
942,604,4
452,663,2
185,178,4
881,117,5
566,181,2
826,510,4
940,315,4
642,742,5
125,205,5
911,98,2
801,288,5
141,1282,3
681,1176,4
587,689,1
74,508,4
144,56,4
321,116,3
902,50,5
880,367,4
885,195,4
851,343,2
301,205,4
650,80,2
795,42,3
617,567,2
701,328,4
698,96,4
645,186,4
735,283,2
854,1677,3
291,98,5
869,240,4
642,780,5
183,121,3
544,288,2
709,859,3
885,56,3
807,210,4
442,433,4
919,321,2
826,678,4
379,286,4
654,153,4
707,294,2
828,1056,1
588,1219,2
435,687,2
782,1380,2
844,7,3
378,98,5
758,505,5
826,570,4
654,151,4
474,467,4
933,64,5
401,286,2
407,204,3
325,383,1
896,1018,3
864,234,4
910,845,4
890,449,1
886,218,3
871,547,3
733,117,2
409,61,4
881,94,2
843,581,3
643,169,4
880,1053,3
892,95,4
710,510,4
877,79,4
537,714,3
551,363,4
942,423,5
886,76,4
41,96,4
877,748,4
933,447,2
863,1679,3
739,176,1
887,91,5
496,495,3
671,779,3
655,1473,3
459,696,4
474,174,5
499,527,5
915,300,3
536,720,4
870,395,3
222,91,2
850,121,5
889,187,4
622,210,3
339,1258,3
95,398,1
503,130,5
804,139,3
472,432,5
655,1129,3
773,231,2
896,20,1
846,2,5
621,432,4
587,680,1
452,842,2
184,313,4
892,596,3
553,497,4
846,588,4
818,751,5
583,708,5
428,315,5
734,193,4
908,657,4
846,654,5
795,214,4
910,237,4
397,65,2
181,596,4
399,379,3
521,751,3
503,463,1
802,53,4
798,623,3
894,1131,4
894,511,4
877,566,4
916,81,5
798,740,2
620,313,5
49,465,3
703,508,3
805,143,3
871,22,5
315,164,4
760,739,4
790,228,3
940,66,4
454,283,3
868,81,4
109,572,3
933,156,4
862,203,4
892,110,3
747,615,5
561,542,1
417,1230,2
416,1119,5
890,258,3
885,173,4
678,275,2
648,161,3
815,584,3
568,234,3
385,1456,4
894,1560,4
605,70,3
474,96,4
796,735,2
894,257,3
616,288,4
798,603,3
673,327,4
919,596,3
881,934,3
917,471,4
839,111,4
923,237,4
765,137,5
815,174,4
354,221,4
934,1425,1
926,286,4
932,1266,4
637,9,1
181,678,2
201,10,3
899,282,5
227,741,3
778,568,3
303,375,2
768,310,4
823,182,4
690,435,5
366,773,3
320,185,4
747,40,2
222,67,4
924,195,5
882,660,3
815,181,5
943,58,4
452,100,5
503,694,5
886,371,1
884,165,3
527,191,5
794,269,5
738,64,4
825,243,4
709,228,3
424,286,4
561,603,4
478,11,4
285,64,3
417,231,4
414,886,4
686,173,5
524,715,4
932,679,2
795,1199,3
872,288,5
924,273,3
883,277,4
864,161,4
870,494,3
745,204,3
463,302,5
907,317,5
682,943,3
782,1534,2
751,917,2
405,1577,1
296,114,5
499,588,4
870,528,4
541,584,3
622,581,4
880,722,3
751,710,3
480,443,4
591,306,5
676,295,1
854,129,3
776,195,3
833,977,2
551,1028,4
860,347,4
835,499,5
846,1179,2
693,121,2
540,597,4
622,484,3
927,228,5
655,170,3
899,250,2
551,226,5
332,41,5
693,157,4
862,484,4
456,952,4
368,5,3
655,1111,3
561,1044,2
116,246,5
630,216,5
837,275,4
592,176,5
882,225,5
751,197,3
919,462,3
903,23,5
840,144,3
250,9,2
669,151,5
354,222,3
896,1221,2
650,622,3
276,397,1
104,246,3
878,496,5
921,932,3
761,988,1
592,224,5
892,237,4
867,250,4
864,969,4
682,683,2
768,815,3
31,1022,5
744,340,3
830,56,2
305,326,2
437,71,3
901,929,4
256,381,5
788,621,3
536,436,3
846,387,3
185,845,4
833,511,4
790,145,2
59,524,3
853,300,5
782,873,4
940,873,3
370,137,4
613,272,5
298,50,5
374,227,4
383,660,4
474,737,4
276,385,4
886,393,3
27,930,2
880,79,4
416,550,4
508,47,3
634,473,2
903,187,5
764,121,5
92,44,3
627,328,4
909,116,5
541,659,5
826,230,4
627,358,3
379,7,5
398,231,2
450,389,4
868,98,4
935,471,4
618,52,3
450,50,5
327,181,4
648,234,5
425,12,5
868,662,2
825,1163,3
840,515,5
815,141,4
907,620,4
727,455,3
933,98,5
837,280,2
495,1079,5
301,233,4
796,692,5
561,1010,3
773,958,4
445,300,1
360,223,5
922,202,5
664,664,4
723,189,3
658,42,4
943,111,4
889,1070,3
716,418,4
87,765,3
907,274,5
864,2,4
708,473,1
932,1305,2
812,286,2
843,582,2
795,477,3
889,755,3
207,195,3
610,172,4
524,14,5
939,931,2
890,662,3
6,531,4
622,253,3
344,546,3
895,181,5
840,257,3
697,595,4
823,90,4
497,7,3
401,428,4
145,118,3
751,704,2
892,732,4
880,44,4
683,880,3
181,1034,1
684,158,3
883,549,4
870,179,4
778,367,5
747,234,5
867,117,3
829,222,4
823,1267,4
144,7,2
741,118,1
262,609,3
130,326,5
460,1067,4
654,143,5
406,122,3
276,217,4
58,137,5
885,501,3
731,613,2
782,688,2
854,4,2
593,282,5
788,120,2
393,1076,3
815,257,3
889,223,4
788,281,4
462,326,4
661,165,5
394,358,3
790,158,2
548,56,5
218,23,4
604,7,4
850,584,4
886,1,4
472,405,5
671,265,3
896,358,1
586,581,2
701,289,4
665,202,3
540,340,4
286,42,4
62,455,3
618,218,3
592,23,5
222,167,3
848,118,2
843,551,3
911,485,3
864,747,3
655,300,3
239,531,5
883,168,5
303,1,5
846,494,5
446,245,4
788,231,3
608,317,5
311,705,3
344,431,3
892,11,3
573,157,4
848,1021,5
683,270,3
896,175,2
896,603,4
833,7,3
605,238,1
943,11,4
823,13,5
872,363,4
682,179,4
38,637,2
899,186,4
916,46,4
796,755,4
936,1258,2
650,478,4
866,242,3
882,243,4
795,465,3
921,313,5
699,370,3
458,204,4
624,25,4
796,1217,3
908,133,5
665,50,4
577,313,4
592,382,4
853,259,3
399,96,3
846,554,4
536,778,4
917,50,3
161,70,3
715,135,2
313,1470,1
468,174,5
894,713,4
889,89,4
680,269,4
234,527,3
731,136,4
755,289,1
690,1185,1
665,473,4
734,191,4
162,179,3
820,288,5
886,801,3
510,292,4
776,564,3
919,1136,2
667,98,4
806,1514,3
928,496,5
521,754,3
655,458,3
887,72,4
741,204,4
668,289,2
747,606,5
841,307,5
727,760,1
643,132,5
601,436,4
784,313,5
773,198,4
938,313,5
731,521,1
446,307,3
339,396,4
629,173,5
756,274,3
42,655,3
275,380,3
782,876,2
932,614,4
749,414,4
413,327,3
171,270,4
564,1025,2
536,79,4
491,513,5
357,121,5
541,1047,2
655,11,2
194,204,4
307,161,3
901,12,5
754,118,2
336,1,3
748,495,3
795,209,5
894,690,4
489,885,4
127,230,5
445,257,2
929,31,2
95,8,5
836,611,5
505,132,5
514,655,4
650,218,3
654,196,5
802,263,1
918,640,3
851,301,3
655,467,3
541,140,5
870,38,3
43,257,4
234,106,4
763,462,5
834,255,3
621,7,4
922,249,3
474,924,4
608,204,4
622,588,4
790,709,3
504,187,3
368,559,3
864,780,2
883,1591,3
344,1048,3
10,414,4
880,746,4
533,226,4
13,903,3
500,60,5
518,129,5
588,206,4
328,903,3
554,245,3
759,937,4
472,367,5
788,223,4
339,218,3
643,674,3
313,237,2
886,388,1
862,1117,4
210,163,3
577,102,4
666,1071,3
543,160,3
870,1112,2
929,517,5
881,472,4
715,227,3
907,825,3
805,106,5
378,96,4
910,245,2
13,911,2
835,543,5
488,191,3
868,150,5
749,1615,4
893,1,5
814,665,4
536,8,5
244,58,3
269,604,3
862,117,5
660,183,2
77,519,5
223,1284,1
871,213,3
299,515,4
868,195,2
630,323,4
321,704,3
896,515,3
804,748,4
845,268,3
720,286,5
738,203,3
663,1017,2
869,284,1
727,199,4
13,569,2
894,344,4
120,127,4
868,178,5
389,1168,3
932,497,5
550,1,3
934,177,3
792,1,4
562,135,5
639,213,5
90,511,5
464,299,4
306,19,5
749,223,4
843,563,2
846,493,5
751,302,4
600,232,3
719,58,3
867,289,5
448,302,5
854,55,4
150,150,3
923,472,4
814,56,3
408,327,5
932,1184,3
435,721,4
451,335,4
260,334,5
503,503,3
862,982,4
897,172,4
312,530,5
395,286,4
782,1302,3
916,824,3
894,355,3
854,483,4
931,237,3
82,241,3
893,405,5
344,762,3
458,519,4
882,235,3
738,423,4
629,137,5
918,428,5
580,147,3
655,980,2
910,288,3
851,291,4
363,223,5
790,208,3
711,1170,3
919,270,4
774,118,1
721,327,2
862,179,5
90,275,5
311,96,5
890,427,5
533,169,4
896,152,3
869,50,4
807,8,4
97,69,5
851,685,4
942,261,4
615,427,5
694,1269,5
826,449,4
919,1047,3
758,629,4
187,707,5
283,1009,3
887,832,2
618,183,4
835,735,5
757,222,4
537,289,1
709,441,4
848,633,3
903,1008,3
885,233,3
450,347,4
13,288,1
624,127,4
483,283,5
843,95,2
907,282,4
305,475,4
886,71,4
899,25,3
897,951,3
618,159,3
299,480,4
693,216,4
667,238,3
201,1426,2
608,182,4
210,655,5
808,313,5
409,1541,4
825,546,5
347,926,1
921,282,2
824,322,4
938,240,2
913,265,4
708,150,4
922,216,3
930,121,4
377,689,3
276,586,3
914,387,3
881,678,2
815,172,5
881,178,3
511,300,4
921,720,4
500,532,4
495,511,4
532,980,4
918,204,1
664,367,3
943,570,1
661,175,2
790,248,4
158,651,5
435,527,4
833,432,4
465,48,3
936,818,4
868,419,3
381,307,2
347,418,4
417,203,4
524,521,4
782,252,3
758,144,4
210,969,4
932,967,4
11,401,3
716,22,5
437,13,4
319,358,3
645,319,3
915,1038,2
940,289,3
541,946,5
508,710,4
840,272,4
760,928,1
782,1666,2
815,665,2
913,237,4
886,746,3
788,620,3
316,162,3
508,524,5
880,222,4
406,629,3
286,232,4
653,307,4
733,220,2
896,872,3
450,230,4
768,471,3
561,194,4
457,371,4
446,879,3
846,230,3
896,174,5
846,716,3
943,232,4
621,1093,4
619,181,4
864,1217,3
487,380,2
505,123,3
887,1473,1
913,98,4
707,1120,4
339,639,4
416,542,1
754,328,3
708,713,4
577,568,3
582,547,4
788,164,3
702,230,4
786,423,5
592,116,4
700,28,3
851,121,4
823,1,4
904,628,3
665,631,2
399,419,3
713,344,5
816,355,2
922,56,1
619,685,3
801,300,5
896,182,4
804,227,4
537,753,2
655,1186,3
807,684,5
532,304,5
901,196,4
863,682,3
890,135,5
293,173,5
672,109,4
889,1006,4
933,577,1
62,466,3
846,426,1
788,657,4
803,242,5
661,181,5
863,872,2
709,192,4
666,175,4
875,71,2
682,108,3
899,265,4
788,1518,3
453,85,3
757,271,3
437,1063,5
417,343,2
896,217,2
889,696,3
454,632,3
722,471,4
901,168,4
429,257,4
834,288,5
791,181,5
311,496,5
619,195,5
896,880,4
683,472,3
798,423,3
790,411,3
13,158,1
177,748,3
7,341,3
881,483,4
786,125,4
646,349,2
880,140,4
84,4,3
787,1434,1
897,177,5
536,228,5
942,427,5
270,219,5
846,415,2
901,498,4
60,237,4
920,347,4
102,947,3
479,480,5
870,447,4
699,1187,4
781,191,4
919,298,3
823,111,4
334,246,4
230,174,5
286,41,2
682,542,2
392,589,4
854,358,2
618,420,3
864,137,4
758,152,5
291,592,3
59,219,5
741,427,5
567,187,5
889,240,3
851,1028,3
485,301,2
892,284,5
764,294,3
357,1048,2
425,190,3
756,53,3
532,1428,4
663,151,3
487,248,1
759,328,5
298,121,4
748,180,4
850,742,5
436,435,4
932,229,4
405,4,4
593,153,5
58,121,2
798,486,4
766,367,2
47,303,4
621,65,3
747,483,5
347,282,5
805,769,2
450,372,4
931,678,3
774,168,1
922,395,4
727,260,1
654,381,3
739,603,4
930,148,1
894,264,3
455,568,4
854,823,2
409,1070,4
897,409,4
482,245,4
805,225,1
737,187,5
620,174,5
178,194,4
894,1315,3
618,1039,4
308,479,5
899,435,3
623,286,2
541,254,3
776,438,2
933,523,4
935,846,4
833,405,3
654,1165,1
913,234,4
647,15,4
942,487,4
896,97,4
416,846,3
851,892,2
836,134,3
840,143,4
897,603,5
747,625,3
533,549,4
240,242,5
425,217,1
312,661,5
887,871,5
378,183,4
916,82,4
877,83,3
881,129,4
807,173,3
625,484,4
368,7,4
839,1085,5
894,346,4
889,952,3
655,461,2
863,1237,4
886,5,3
655,240,3
822,272,3
222,100,5
694,1020,4
718,405,5
789,1008,4
275,473,3
711,272,5
840,632,3
26,271,3
102,384,2
863,690,4
727,233,4
145,271,4
419,191,4
26,291,3
669,222,3
889,39,2
577,1044,4
556,323,2
637,244,1
799,690,3
733,1114,3
537,547,1
788,193,4
846,721,4
200,380,5
174,11,5
355,1233,4
592,92,5
795,568,3
907,828,5
852,405,3
793,456,3
647,1014,3
327,324,3
682,551,2
859,955,5
464,257,4
936,285,4
385,215,2
897,69,5
911,423,4
128,633,4
748,425,4
236,28,4
72,654,4
538,137,3
883,1041,3
846,479,4
474,186,4
642,472,5
435,179,5
889,212,2
647,237,3
4,359,5
907,125,4
760,841,3
627,22,5
435,298,4
597,326,1
145,228,4
870,1042,2
868,219,2
279,193,2
568,79,4
562,385,2
864,184,4
822,410,1
387,29,1
782,1016,3
929,419,4
764,280,4
551,128,4
758,955,2
887,410,4
693,229,2
119,28,5
650,152,3
717,126,5
887,258,1
929,134,4
316,462,3
639,174,4
79,515,5
807,121,4
481,198,4
303,293,4
630,153,3
356,322,3
907,472,5
790,235,1
889,475,4
465,528,3
790,417,2
535,427,4
492,514,3
919,937,4
653,229,3
268,143,2
932,709,4
709,747,2
645,173,4
660,474,2
661,174,5
838,300,2
642,427,3
592,87,4
618,770,2
665,69,5
500,121,3
821,509,5
621,879,4
886,22,4
721,174,5
632,99,5
222,54,4
907,301,4
102,447,4
764,276,3
595,288,3
474,197,5
806,82,4
823,428,5
669,329,1
870,90,4
295,144,4
625,210,3
909,275,5
865,845,1
222,188,3
537,699,4
574,346,4
896,798,2
711,121,1
752,316,3
588,1061,5
733,290,4
840,611,4
321,511,4
886,96,3
488,478,3
766,183,4
345,385,3
532,313,5
85,281,3
783,872,4
690,585,2
787,898,3
94,673,3
788,12,5
780,497,2
665,274,3
568,30,4
11,83,5
332,1157,4
823,217,3
806,153,4
354,724,2
508,204,3
653,508,3
776,50,5
862,1110,5
374,153,5
911,1203,4
790,274,3
741,265,5
355,689,4
99,172,5
450,181,4
833,302,3
710,180,4
741,194,4
474,611,4
637,1033,3
883,172,4
753,527,4
913,465,2
715,7,3
751,578,4
897,588,4
938,125,3
13,370,1
664,655,3
889,1170,2
741,1152,3
844,210,4
303,403,5
758,751,4
569,257,4
908,185,4
593,732,3
95,431,3
14,195,5
919,50,3
751,87,5
886,732,3
644,330,4
885,949,4
726,249,1
907,86,5
543,61,4
698,204,2
823,239,4
90,156,4
506,216,4
329,1011,3
782,1138,2
931,476,3
560,458,3
716,479,4
790,122,2
939,106,3
372,1090,5
399,665,3
453,215,3
804,411,3
768,476,4
792,9,3
487,809,2
500,117,4
642,628,3
854,303,3
903,845,1
774,411,1
942,323,3
727,207,5
833,573,1
724,879,1
409,115,2
699,309,3
551,508,4
711,959,5
794,248,4
781,403,4
758,802,3
883,9,4
682,232,3
793,597,3
890,183,3
840,566,5
393,96,4
166,688,3
917,740,5
766,602,4
416,265,5
548,696,4
615,26,4
158,978,3
751,79,4
643,273,3
562,174,5
92,732,3
252,847,4
641,1194,3
880,1059,4
731,170,5
567,223,4
436,423,4
190,100,4
721,720,5
868,455,5
855,531,3
897,871,3
804,84,3
271,215,4
934,25,4
693,144,4
493,358,4
880,12,5
919,202,3
886,150,4
735,245,3
655,636,3
537,175,4
710,172,4
19,8,5
668,882,3
551,34,4
731,127,4
45,278,3
905,150,4
385,198,3
608,517,4
806,228,4
819,340,5
768,248,3
609,894,1
664,14,4
870,443,3
374,79,4
773,1,3
643,72,4
916,1113,4
686,192,5
487,689,1
418,300,3
472,403,5
642,35,2
909,531,4
833,198,4
295,951,5
880,92,4
606,281,4
921,1047,1
665,410,3
805,269,5
854,829,2
83,248,3
885,356,3
49,54,2
627,431,4
864,238,5
442,188,3
367,268,4
851,916,3
796,187,5
707,603,3
796,821,4
115,684,3
689,50,5
709,117,4
847,948,1
657,273,3
54,634,1
269,939,2
363,770,4
560,301,3
119,194,5
941,147,4
921,72,4
795,403,3
869,1134,1
828,1672,2
896,228,5
903,91,5
653,802,2
807,554,4
637,181,4
786,222,4
627,228,4
432,15,4
239,483,5
704,22,2
159,299,3
627,180,5
896,765,4
385,55,2
938,988,3
606,293,5
524,559,3
640,174,5
889,64,5
806,2,3
708,685,3
713,327,2
271,203,4
903,521,5
693,96,4
890,101,2
695,682,1
235,524,5
438,284,2
844,511,3
654,408,5
667,79,3
346,79,5
336,257,4
610,187,4
573,216,4
647,203,3
757,176,5
713,286,3
642,441,1
862,105,3
487,231,1
932,525,5
918,419,3
542,202,3
870,69,4
499,208,4
854,134,4
802,567,4
524,476,3
14,430,5
405,1019,1
896,161,3
130,1142,4
13,310,4
727,1437,2
644,298,4
857,687,1
826,576,4
836,657,5
894,129,4
95,234,2
503,13,3
905,7,4
935,127,4
790,209,1
752,904,4
843,28,3
838,100,4
530,255,4
934,197,5
790,186,3
316,716,5
850,480,5
942,615,3
918,923,4
49,820,1
805,105,2
504,176,3
940,96,5
924,1036,2
892,472,3
773,221,2
875,692,2
642,217,2
932,1397,4
13,172,5
523,407,4
37,210,4
130,373,4
570,879,2
774,1017,3
856,750,5
677,1049,3
159,130,1
798,289,3
843,135,5
11,28,5
924,300,2
931,1152,4
555,318,4
693,298,3
756,71,3
624,928,3
758,748,1
828,382,3
863,313,5
832,873,2
928,333,3
308,654,5
850,494,3
892,5,4
586,569,3
851,352,1
923,148,4
897,455,3
92,111,3
697,820,3
839,532,3
822,432,3
346,164,3
881,443,5
639,451,4
846,168,5
911,238,2
738,434,4
889,455,4
566,523,4
916,53,4
629,416,4
929,515,5
886,1074,2
650,550,3
716,1020,5
537,1400,2
495,225,4
454,972,2
823,762,4
13,722,3
695,895,1
447,15,1
579,435,5
913,789,4
699,1033,4
682,2,3
592,69,5
856,310,3
648,295,4
299,481,3
541,79,5
804,206,3
825,984,5
877,538,4
700,222,3
655,1022,3
606,568,4
452,83,3
610,750,4
532,1312,4
873,294,4
821,79,5
664,1109,4
407,95,3
790,931,2
712,210,5
894,147,3
859,368,3
478,202,4
757,91,4
500,727,2
749,210,4
831,270,4
332,471,4
864,44,4
733,534,3
747,418,5
901,71,4
678,15,3
912,154,4
805,742,3
796,659,3
276,472,3
464,255,4
894,326,3
668,269,5
940,194,5
904,66,4
889,403,3
406,521,3
908,181,3
932,179,5
529,327,4
890,85,1
370,427,5
918,137,5
933,470,4
522,200,4
697,270,5
860,245,3
623,525,4
883,270,4
320,625,4
444,286,2
655,459,2
90,268,4
897,222,4
835,23,4
285,319,3
639,311,3
504,174,4
823,150,4
314,787,2
886,186,4
703,764,2
765,14,5
7,365,4
854,616,4
846,786,4
560,928,3
181,1382,1
633,921,3
130,552,5
621,1228,3
843,77,2
916,506,3
916,1206,2
42,969,5
826,373,3
690,780,4
627,7,5
894,283,3
174,384,1
638,168,4
933,63,2
913,179,3
881,15,3
49,4,2
894,336,3
541,378,5
807,511,5
392,510,4
660,318,3
901,228,5
766,72,2
429,200,3
112,333,4
62,511,4
778,451,1
741,790,3
919,204,4
928,1007,5
523,874,4
844,56,4
927,380,5
828,198,4
796,155,5
181,333,3
796,275,4
374,273,2
584,227,4
216,416,3
702,879,1
897,451,4
707,1401,3
522,135,5
766,182,4
116,1256,1
422,248,3
797,988,1
875,1422,3
430,121,2
505,69,3
571,1039,3
937,285,4
868,449,3
380,498,4
686,197,5
491,116,5
137,685,5
896,431,3
798,1023,3
497,83,2
644,457,4
930,8,3
488,418,3
385,954,4
896,1284,2
495,521,5
632,720,3
94,94,2
727,62,3
87,433,3
110,722,3
773,655,3
601,118,1
38,406,2
436,81,3
899,496,5
621,95,4
574,100,5
935,717,4
642,931,4
389,134,5
385,205,2
704,318,5
943,1067,2
666,118,3
639,655,3
498,109,3
588,8,5
536,10,4
256,64,5
875,504,5
868,240,5
774,449,1
920,331,3
690,4,3
690,451,4
883,147,2
715,433,2
867,511,5
832,258,3
7,179,5
776,184,4
711,197,4
538,188,4
924,526,3
632,227,3
934,297,5
916,17,4
764,1028,4
764,220,3
773,1018,3
763,1065,5
763,174,4
790,217,4
374,4,2
145,1041,5
472,366,4
846,191,5
286,401,1
864,1047,3
309,879,4
730,7,4
545,450,2
860,1602,3
125,1271,2
724,327,4
551,824,1
158,302,4
831,117,3
734,213,5
880,1423,3
665,240,5
908,322,2
817,245,2
567,50,1
472,230,5
894,479,5
102,11,3
908,69,3
451,334,3
747,98,5
790,117,5
329,186,3
44,157,4
514,208,4
669,915,3
878,531,2
830,226,5
846,609,5
774,175,3
823,175,4
868,436,3
881,477,4
393,141,2
804,260,2
13,275,3
688,349,5
897,484,3
854,1061,1
456,258,4
936,340,4
759,275,4
795,1101,4
905,321,4
942,584,4
670,417,4
109,63,3
841,300,4
230,56,3
943,808,4
753,242,4
904,778,3
857,259,4
539,496,3
479,193,3
796,949,4
867,216,3
921,471,2
889,94,4
896,216,5
796,396,2
861,382,5
681,328,3
841,358,1
758,890,3
883,250,3
721,243,3
829,100,4
665,687,2
280,173,3
593,1221,3
592,1356,4
932,570,4
724,347,4
832,323,3
734,275,4
472,1079,4
722,508,4
94,403,3
819,182,4
798,225,4
883,589,5
498,663,4
495,183,5
79,276,3
717,831,3
532,367,5
774,122,1
870,550,3
228,812,5
262,58,3
790,1039,3
838,405,4
680,318,5
845,1399,3
942,347,5
835,357,5
671,88,4
529,264,2
280,673,4
787,1024,2
902,134,3
865,24,4
640,1067,4
654,1283,1
940,172,4
918,289,2
653,719,3
561,1039,3
835,612,4
916,655,3
727,70,5
588,561,3
790,15,5
865,101,1
907,147,5
764,227,4
882,932,4
89,301,5
648,291,3
919,57,5
409,1512,5
538,199,5
334,137,2
397,182,5
254,496,4
699,275,3
585,170,5
666,46,4
891,531,4
356,294,1
883,79,4
747,179,5
590,546,1
804,237,4
788,64,5
80,79,4
727,1222,1
774,367,2
782,1013,3
298,427,5
716,497,3
727,1249,3
506,525,4
881,755,4
707,736,4
882,496,5
653,1016,3
566,69,4
872,310,4
512,50,5
921,288,3
648,758,2
736,293,4
864,250,3
505,98,4
922,227,4
561,772,4
450,627,3
859,928,3
733,107,4
738,1047,3
588,385,3
435,91,4
434,974,5
406,433,3
5,239,4
758,184,5
872,118,4
796,1407,3
595,826,1
841,271,4
754,117,4
308,1140,4
627,550,1
875,181,4
727,358,2
727,567,2
592,55,4
922,588,4
487,399,5
805,1017,3
892,12,5
880,346,5
102,234,3
869,756,1
897,195,5
752,539,4
851,331,3
830,627,3
896,1,4
896,479,3
910,293,4
823,419,4
606,249,3
828,1622,1
800,276,3
648,1030,2
903,317,4
298,546,3
851,1277,2
862,141,4
860,716,2
834,127,5
566,121,3
428,894,4
625,216,4
794,150,4
861,83,5
522,530,4
647,357,5
405,205,3
846,499,4
514,1074,4
116,300,3
894,558,5
815,433,3
734,742,4
694,526,5
422,185,4
898,300,2
526,294,3
488,15,4
927,15,5
488,197,2
751,1140,2
133,306,4
910,23,4
409,1020,5
817,24,4
864,1,5
64,480,3
889,153,5
621,625,4
10,518,4
711,134,5
694,582,4
896,134,5
119,298,4
505,227,2
76,1154,5
878,8,3
888,269,5
790,742,4
763,518,4
293,11,3
641,338,3
318,531,4
918,211,2
112,328,4
339,506,4
686,435,5
660,568,3
109,1245,2
934,151,3
669,355,2
727,80,4
627,195,4
456,382,1
934,202,5
846,530,5
790,65,4
881,449,3
854,135,4
389,67,2
324,285,4
690,1090,3
521,568,3
117,132,4
184,1121,4
749,80,1
85,270,3
639,519,4
635,879,3
453,99,3
649,24,4
854,244,3
756,181,4
919,1315,2
387,516,3
633,328,4
870,219,2
729,322,4
851,1047,3
699,523,2
435,203,4
378,47,4
283,100,4
234,694,3
472,222,5
893,471,4
536,94,4
587,888,3
524,661,3
541,63,3
932,379,2
889,70,3
781,187,5
868,156,3
747,31,4
305,86,4
633,958,3
638,96,4
907,740,5
49,62,2
796,89,5
64,655,4
840,606,4
774,228,4
919,168,1
918,275,4
711,660,5
929,188,4
758,353,4
745,510,3
183,274,5
890,271,3
660,328,3
38,940,1
921,181,5
894,319,4
763,39,4
898,324,4
564,245,4
707,88,3
916,39,4
474,318,5
655,1516,3
922,63,3
325,469,4
777,42,5
535,389,4
293,513,5
939,258,4
846,565,2
579,520,4
894,1313,3
907,181,4
896,504,3
711,86,5
878,1065,1
907,287,4
151,385,3
923,456,4
365,237,3
472,125,5
711,202,4
64,258,3
773,427,3
655,428,3
478,68,1
314,808,4
851,696,3
64,28,4
476,746,3
542,420,3
709,53,3
82,170,4
854,93,5
637,847,3
864,218,4
804,211,4
435,919,5
864,47,5
452,514,3
804,768,3
825,116,3
921,87,2
592,71,4
921,728,3
521,520,3
892,481,5
798,485,5
682,627,4
644,117,4
896,708,2
165,156,3
890,479,5
890,515,5
766,705,4
624,319,3
831,315,3
708,125,4
889,1011,3
506,945,4
711,301,4
655,236,3
13,777,1
519,333,3
880,22,4
829,198,4
825,925,4
64,718,4
889,67,2
716,203,4
737,58,4
883,707,3
851,271,5
877,170,5
715,1,5
911,383,3
798,756,3
514,79,4
63,276,4
871,197,3
758,436,3
796,258,4
474,294,3
76,955,4
303,405,4
904,421,5
747,530,5
532,277,5
523,451,5
535,100,5
807,1089,4
721,8,4
682,163,3
291,575,2
498,480,5
782,354,2
639,48,4
721,518,2
493,806,3
201,640,4
939,1054,4
210,79,4
435,127,4
658,195,3
934,195,4
881,228,3
721,735,4
421,331,2
863,879,2
940,181,3
642,622,4
489,269,3
110,939,4
823,125,4
913,144,5
724,308,1
851,144,5
423,620,4
864,182,3
804,39,2
880,826,3
131,287,4
661,135,5
622,213,5
782,1662,4
476,732,3
782,1296,3
788,7,4
645,558,4
918,582,4
85,519,4
795,710,3
936,106,3
7,629,3
534,93,1
877,269,4
796,628,4
406,208,2
934,411,3
290,181,5
627,792,4
796,588,5
846,110,3
650,118,4
405,646,2
861,584,5
801,333,5
916,65,3
889,497,4
624,898,1
425,1110,1
635,15,3
633,98,4
796,97,3
684,1028,4
109,826,3
864,588,3
682,475,3
533,443,3
454,313,5
90,481,5
399,39,2
886,941,2
856,315,5
889,127,4
788,282,4
919,1137,4
17,221,2
659,693,4
844,251,4
792,1047,3
914,371,4
288,327,1
916,708,4
910,117,4
896,187,5
561,96,1
48,323,3
471,420,1
921,692,4
780,660,3
870,649,4
293,1228,1
698,173,5
918,645,4
682,109,3
308,501,4
648,665,2
606,209,4
650,482,3
878,50,4
837,762,2
735,242,5
632,195,5
476,393,4
682,451,3
840,443,5
931,303,4
295,1297,4
817,928,3
541,622,3
756,860,1
844,300,3
883,566,3
198,201,3
943,356,4
883,455,4
796,272,4
311,69,5
738,429,3
782,244,4
885,208,3
896,12,3
798,98,1
699,243,2
593,237,4
291,844,5
385,874,3
119,473,3
417,780,4
529,309,3
197,568,4
834,50,5
749,685,4
710,234,4
719,69,5
790,364,2
559,174,4
568,483,5
207,211,5
919,327,4
848,135,4
305,428,3
897,66,3
496,652,5
15,121,3
254,269,2
896,1406,3
447,737,4
902,993,3
796,709,3
486,301,4
736,993,4
562,229,1
366,288,4
283,211,4
807,29,4
774,428,1
896,233,2
328,23,3
903,977,1
843,141,4
918,433,2
682,824,1
773,567,2
474,468,4
498,496,3
629,210,5
755,872,1
725,321,2
271,148,3
648,229,4
867,50,5
870,10,4
886,240,3
683,609,3
640,827,3
496,174,4
299,118,2
886,80,3
637,245,3
830,15,4
848,747,5
720,313,3
532,588,5
229,303,1
886,187,4
417,506,4
405,436,1
693,12,4
864,210,4
798,1540,4
59,42,5
70,655,4
184,29,3
586,195,4
318,482,5
151,686,3
806,496,5
804,514,4
49,717,2
828,955,3
831,288,1
394,141,3
766,604,4
321,173,4
643,29,2
787,904,3
742,7,3
932,177,4
543,466,4
747,390,4
868,621,2
782,1528,2
889,820,2
68,127,4
782,1300,2
842,344,1
174,215,5
864,710,2
5,425,2
562,591,4
913,82,3
874,276,4
714,250,5
708,300,4
932,617,4
906,696,4
778,42,5
798,768,4
682,849,2
151,805,4
868,229,3
823,566,4
145,240,5
727,148,2
919,1152,4
548,978,2
268,117,4
733,740,3
185,47,4
638,222,4
712,69,3
486,1226,4
864,31,4
510,299,3
666,147,3
916,14,5
263,135,5
222,588,4
916,179,3
806,176,5
899,428,4
457,121,4
913,127,4
846,612,5
181,713,2
882,427,5
405,36,2
391,176,3
789,508,4
682,186,4
643,631,3
312,813,5
655,1160,3
715,42,5
693,234,2
618,64,4
889,194,5
653,428,1
255,328,2
634,678,2
271,649,3
889,172,4
582,405,3
827,750,3
414,288,5
721,299,3
836,170,5
864,496,5
786,133,5
354,896,4
804,23,4
541,427,4
243,699,4
130,350,4
894,1226,4
802,330,2
535,640,3
686,214,5
911,659,3
435,210,4
637,283,2
891,1197,5
709,172,5
42,132,5
933,231,1
684,173,3
864,144,5
708,149,3
847,444,3
708,476,3
259,172,4
664,483,4
324,763,5
854,257,3
911,143,5
751,239,4
795,118,2
399,225,3
823,77,4
913,1,2
796,50,5
880,90,3
897,228,4
577,62,3
868,470,1
457,222,5
548,17,3
474,111,4
850,181,5
727,87,4
865,919,5
592,302,5
654,8,5
933,433,1
807,435,3
350,181,4
72,642,4
715,248,4
837,286,4
699,1093,3
896,232,3
345,470,4
876,19,5
244,171,5
883,656,5
840,88,4
826,127,5
569,298,3
752,259,5
804,566,4
648,454,3
179,916,5
787,326,4
726,248,2
344,529,5
222,542,2
788,646,3
426,663,4
551,111,5
898,683,3
880,173,3
451,326,4
749,1028,4
669,664,4
608,327,2
669,96,2
703,181,5
565,707,5
804,510,5
940,8,5
900,429,2
878,274,3
567,514,5
645,89,4
901,546,4
805,383,2
847,7,3
190,7,4
924,283,4
77,527,4
868,136,5
880,810,3
881,11,4
577,240,3
881,174,5
903,223,5
903,56,5
586,96,4
506,71,5
799,319,4
545,266,2
757,471,4
30,751,3
864,94,4
773,145,3
804,89,4
846,449,3
645,32,5
400,748,2
914,155,5
184,504,4
35,264,2
742,475,4
119,475,4
901,144,5
621,780,4
697,591,4
527,640,4
566,210,4
585,86,5
940,153,2
347,106,2
655,1141,3
881,134,5
892,648,4
495,432,5
645,514,5
455,435,4
788,630,2
905,717,1
749,932,3
621,173,4
588,842,3
667,23,3
618,432,5
871,511,2
90,220,4
708,347,3
286,929,4
587,876,2
484,88,4
932,652,3
485,286,2
655,1635,3
681,310,3
661,192,4
846,1029,1
645,469,5
295,511,5
907,821,5
798,705,4
720,898,4
932,566,4
115,772,4
648,250,4
643,659,5
627,523,4
910,282,3
782,1160,2
886,222,4
629,223,5
18,137,5
716,723,4
896,429,5
721,199,4
652,257,2
628,1296,5
933,182,4
798,1411,1
511,260,4
484,231,2
905,326,3
934,183,2
503,58,4
592,325,2
618,1225,2
493,134,3
655,578,2
13,326,3
773,13,4
69,334,3
774,501,1
641,1039,4
725,286,5
655,178,4
897,200,5
934,269,2
374,526,4
930,651,3
851,182,5
741,134,5
566,11,3
346,182,5
885,419,4
385,2,3
200,172,5
831,687,2
566,631,4
354,655,3
505,419,3
655,1014,3
548,55,5
883,462,5
864,91,5
489,245,3
868,412,5
431,294,5
268,24,2
823,401,4
756,258,3
796,722,3
643,240,5
635,328,3
647,173,5
923,762,4
391,1163,2
933,399,3
896,196,3
420,1347,3
758,301,3
749,642,2
645,709,3
786,102,4
104,340,3
756,742,3
505,259,3
345,91,4
417,4,3
709,808,4
942,539,3
749,229,3
824,289,2
730,273,2
804,755,3
663,693,4
648,726,3
892,203,5
766,8,5
653,186,5
460,100,5
579,69,2
882,929,1
539,319,5
667,269,5
622,125,3
9,50,5
694,52,4
405,65,1
903,467,3
610,352,1
913,430,2
716,659,4
654,154,3
631,1527,2
931,245,4
693,159,4
856,749,3
707,1163,4
773,183,4
787,302,3
674,1197,3
748,181,4
59,30,5
802,260,4
667,962,2
846,1188,2
643,121,4
394,651,4
216,546,2
913,117,1
894,691,3
56,167,3
727,249,2
918,1101,4
294,840,3
393,451,3
663,124,3
721,145,4
788,55,4
868,50,5
435,1014,2
577,470,5
896,942,4
670,199,4
527,187,5
884,736,3
659,494,4
655,1499,3
899,463,4
514,419,4
551,386,1
784,272,4
890,435,5
787,1433,3
524,170,4
854,293,5
493,204,5
394,204,5
307,433,5
643,385,3
840,631,4
11,729,4
655,1070,4
796,510,3
425,898,3
880,195,4
456,405,1
782,935,2
480,50,4
806,461,4
392,513,5
749,100,3
766,22,3
721,197,4
314,365,3
361,194,4
698,423,2
893,724,3
916,474,4
544,338,2
776,656,5
527,661,5
796,549,3
85,1018,4
675,463,5
534,148,4
13,746,3
942,313,3
746,183,4
117,184,3
776,177,4
682,385,3
826,397,3
326,611,3
562,194,5
588,1411,1
712,398,4
429,843,1
303,401,3
552,127,4
843,270,4
859,1132,3
756,121,3
389,485,5
798,208,3
314,827,4
686,209,5
606,148,3
941,124,5
804,423,3
293,143,4
648,412,1
674,257,4
347,210,4
773,210,2
939,689,5
642,401,4
724,307,3
761,1157,5
883,197,4
699,283,4
119,7,5
405,187,5
733,124,5
303,123,4
370,390,1
514,209,3
577,410,3
936,281,4
847,1086,4
825,257,4
92,1216,4
450,336,3
880,368,1
870,218,4
711,704,4
833,1012,4
561,1059,1
128,416,3
15,249,1
338,143,2
654,98,5
896,299,1
823,193,5
889,1218,4
806,122,3
2,289,3
710,333,3
94,195,3
655,1121,3
711,995,4
394,672,3
897,8,3
926,322,2
95,215,4
849,427,4
479,915,4
246,447,3
571,45,4
936,952,4
884,582,5
875,478,4
922,229,4
532,491,5
91,1192,4
788,174,2
62,134,4
699,762,3
561,379,2
